Team,TEAM_CONTRACT,HEIGHT,WEIGHT,JOINED,VALUE,WAGE,SKILL,International_rating,HITS,Name,Age,Rating,Ball_control,Agility,Stamina,Mentality,Physic,Position
Manchester City,"
2015 ~ 2025","5'11""",154lbs,"Aug 30, 2015",€127.5M,€370K,441,4 ★,"
173", K. De Bruyne,29,91,92,79,89,407,78,CM
Liverpool,"
2017 ~ 2023","5'9""",157lbs,"Jul 1, 2017",€120.5M,€250K,406,3 ★,"
135", M. Salah,28,90,89,91,85,376,75,RW
Liverpool,"
2018 ~ 2023","6'4""",203lbs,"Jan 1, 2018",€113M,€210K,363,3 ★,"
166", V. van Dijk,28,90,77,61,73,347,85,CB
Liverpool,"
2018 ~ 2024","6'3""",201lbs,"Jul 19, 2018",€88M,€155K,138,3 ★,"
98", Alisson,27,89,30,40,32,140,90,GK
Tottenham Hotspur,"
2015 ~ 2023","6'0""",172lbs,"Aug 28, 2015",€110M,€210K,403,3 ★,"
253", H. Son,27,89,85,86,89,349,70,LM
Tottenham Hotspur,"
2010 ~ 2024","6'2""",196lbs,"Jul 28, 2010",€114.5M,€230K,403,3 ★,"
393", H. Kane,26,89,85,69,84,394,83,ST
Chelsea,"
2016 ~ 2023","5'6""",154lbs,"Jul 16, 2016",€78M,€190K,336,3 ★,"
175", N. Kanté,29,88,80,82,96,386,82,CDM
Liverpool,"
2016 ~ 2023","5'9""",152lbs,"Jul 1, 2016",€92M,€230K,390,3 ★,"
114", S. Mané,28,88,88,93,86,354,76,LW
Manchester City,"
2017 ~ 2024","6'2""",190lbs,"Jul 1, 2017",€92M,€195K,157,2 ★,"
70", Ederson,26,88,40,60,41,172,87,GK
Manchester United,"
2020 ~ 2025","5'10""",152lbs,"Jan 30, 2020",€121M,€240K,433,2 ★,"
196", Bruno Fernandes,25,88,88,79,93,413,78,CAM
Liverpool,"
2017 ~ 2024","5'10""",141lbs,"Jul 21, 2017",€85.5M,€155K,372,3 ★,"
109", A. Robertson,26,87,83,78,95,379,76,LB
Liverpool,"
2018 ~ 2023","6'2""",172lbs,"Jul 1, 2018",€88.5M,€155K,365,3 ★,"
110", Fabinho,26,87,82,66,88,413,83,CDM
Manchester City,"
2015 ~ 2023","5'7""",152lbs,"Jul 14, 2015",€95M,€230K,382,3 ★,"
140", R. Sterling,25,87,86,94,79,328,70,LW
Manchester City,"
2011 ~ 2021","5'8""",154lbs,"Jul 28, 2011",€64.5M,€240K,394,4 ★,"
122", S. Agüero,32,87,88,82,62,336,69,ST
Tottenham Hotspur,"
2012 ~ 2022","6'2""",181lbs,"Aug 31, 2012",€26M,€125K,115,4 ★,"
41", H. Lloris,33,87,34,55,41,138,85,GK
Leicester City,"
2012 ~ 2023","5'10""",163lbs,"May 1, 2012",€51M,€170K,344,3 ★,"
159", J. Vardy,33,87,82,76,77,388,75,ST
Liverpool,"
2015 ~ 2025","5'11""",152lbs,"Oct 7, 2015",€97.5M,€100K,424,2 ★,"
262", T. Alexander-Arnold,21,86,86,74,87,371,71,RB
Liverpool,"
2011 ~ 2023","6'0""",176lbs,"Jun 9, 2011",€57M,€140K,403,2 ★,"
58", J. Henderson,30,86,84,69,91,394,82,CDM
Manchester City,"
2019 ~ 2024","6'3""",181lbs,"Jul 4, 2019",€84M,€160K,360,2 ★,"
105", Rodri,24,86,82,65,87,361,82,CDM
Manchester City,"
2017 ~ 2025","5'8""",141lbs,"Jul 1, 2017",€81M,€195K,409,2 ★,"
205", Bernardo Silva,25,86,90,94,93,360,67,CAM
Manchester City,"
2018 ~ 2024","6'3""",187lbs,"Jan 30, 2018",€79M,€185K,351,2 ★,"
151", A. Laporte,26,86,78,57,72,331,80,CB
Manchester United,"
2011 ~ 2023","6'4""",181lbs,"Jul 1, 2011",€46.5M,€150K,139,4 ★,"
67", De Gea,29,86,38,63,43,170,80,GK
Manchester United,"
2016 ~ 2022","6'3""",185lbs,"Aug 9, 2016",€72M,€190K,437,4 ★,"
209", P. Pogba,27,86,90,73,75,396,83,CM
Arsenal,"
2018 ~ 2023","6'2""",176lbs,"Jan 31, 2018",€45.5M,€145K,381,3 ★,"
125", P. Aubameyang,31,85,81,77,79,341,69,ST
Chelsea,"
2020 ~ 2022","6'0""",174lbs,"Aug 28, 2020",€14.5M,€95K,349,4 ★,"
82", Thiago Silva,35,85,79,67,71,354,78,CB
Liverpool,"
2020 ~ 2024","5'9""",154lbs,"Sep 18, 2020",€52.5M,€150K,432,3 ★,"
71", Thiago,29,85,91,91,74,371,63,CM
Liverpool,"
2015 ~ 2023","5'11""",168lbs,"Jul 6, 2015",€55M,€160K,401,3 ★,"
74", Roberto Firmino,28,85,90,85,87,370,78,CF
Manchester City,"
2019 ~ 2025","6'0""",163lbs,"Aug 7, 2019",€61M,€170K,401,2 ★,"
121", João Cancelo,26,85,85,80,90,362,71,RB
Manchester City,"
2020 ~ 2026","6'2""",181lbs,"Sep 29, 2020",€69.5M,€145K,270,1 ★,"
151", Rúben Dias,23,85,73,54,89,300,88,CB
Manchester City,"
2018 ~ 2023","5'10""",148lbs,"Jul 10, 2018",€53M,€210K,420,3 ★,"
121", R. Mahrez,29,85,91,92,76,319,60,RW
Manchester United,"
2014 ~ 2023","6'1""",154lbs,"Jul 1, 2014",€86.5M,€150K,404,2 ★,"
220", M. Rashford,22,85,85,85,87,361,78,LM
Leicester City,"
2011 ~ 2023","6'2""",196lbs,"Jun 1, 2011",€17.5M,€100K,126,2 ★,"
47", K. Schmeichel,33,85,40,61,34,153,83,GK
Leicester City,"
2018 ~ 2023","5'9""",154lbs,"Jun 9, 2018",€53.5M,€120K,373,3 ★,"
94", Ricardo Pereira,26,85,83,79,87,374,76,RB
Arsenal,"
2018 ~ 2023","6'3""",181lbs,"Jul 1, 2018",€33.5M,€95K,116,3 ★,"
80", B. Leno,28,84,35,52,43,139,84,GK
Chelsea,"
2020 ~ 2025","5'11""",168lbs,"Jul 1, 2020",€58.5M,€125K,352,3 ★,"
231", T. Werner,24,84,85,82,83,334,70,ST
Chelsea,"
2020 ~ 2025","5'11""",143lbs,"Jul 1, 2020",€45M,€140K,425,3 ★,"
241", H. Ziyech,27,84,85,85,79,363,65,RW
Everton,"
2018 ~ 2023","5'10""",163lbs,"Aug 1, 2018",€45.5M,€110K,401,2 ★,"
82", L. Digne,26,84,84,74,86,366,76,LB
Liverpool,"
2016 ~ 2021","5'9""",152lbs,"Jul 22, 2016",€41M,€135K,405,3 ★,"
88", G. Wijnaldum,29,84,88,84,93,387,79,CM
Manchester City,"
2016 ~ 2023","5'11""",176lbs,"Jul 1, 2016",€41M,€180K,426,3 ★,"
78", I. Gündoğan,29,84,89,77,74,396,72,CM
Manchester City,"
2013 ~ 2022","5'10""",148lbs,"Jul 1, 2013",€12M,€110K,380,3 ★,"
63", Fernandinho,35,84,81,69,69,372,77,CDM
Manchester City,"
2017 ~ 2024","6'0""",183lbs,"Jul 14, 2017",€36.5M,€155K,383,3 ★,"
84", K. Walker,30,84,80,66,87,364,83,RB
Manchester United,"
2020 ~ 2022","6'1""",170lbs,"Oct 5, 2020",€27M,€175K,360,4 ★,"
116", E. Cavani,33,84,81,68,84,390,81,ST
Tottenham Hotspur,"
2015 ~ 2023","6'1""",179lbs,"Jul 8, 2015",€29M,€120K,340,3 ★,"
53", T. Alderweireld,31,84,75,59,78,339,79,CB
Leicester City,"
2017 ~ 2024","6'0""",163lbs,"Jan 5, 2017",€52M,€95K,345,1 ★,"
209", W. Ndidi,23,84,78,69,91,369,84,CDM
Wolverhampton Wanderers,"
2019 ~ 2024","6'2""",179lbs,"Jul 1, 2019",€42M,€140K,368,3 ★,"
99", R. Jiménez,29,84,83,75,86,388,83,ST
Arsenal,"
2020 ~ 2024","6'1""",170lbs,"Oct 5, 2020",€41.5M,€110K,391,2 ★,"
81", T. Partey,27,83,83,75,86,369,84,CM
Arsenal,"
Jun 30, 2021 On Loan","5'10""",150lbs,"Apr 29, 2015",€58.5M,€135K,416,3 ★,"
258", M. Ødegaard,21,83,85,85,78,355,62,CAM
Aston Villa,"
2020 ~ 2024","6'5""",194lbs,"Sep 16, 2020",€33M,€64K,141,1 ★,"
208", E. Martínez,27,83,35,49,40,170,82,GK
Aston Villa,"
2012 ~ 2025","5'11""",150lbs,"Mar 1, 2012",€49.5M,€82K,406,1 ★,"
3.6K", J. Grealish,24,83,85,85,80,328,64,LW
Chelsea,"
2012 ~ 2022","5'10""",170lbs,"Aug 24, 2012",€31.5M,€110K,351,3 ★,"
50", Azpilicueta,30,83,77,72,79,372,76,RB
Chelsea,"
2018 ~ 2023","5'11""",150lbs,"Jul 16, 2018",€36.5M,€125K,403,2 ★,"
104", Jorginho,28,83,85,77,85,403,73,CM
Chelsea,"
2019 ~ 2024","5'9""",176lbs,"Jul 1, 2019",€42.5M,€120K,409,3 ★,"
69", M. Kovačić,26,83,89,87,79,366,70,CM
Chelsea,"
2020 ~ 2025","6'2""",181lbs,"Sep 4, 2020",€81.5M,€88K,384,3 ★,"
252", K. Havertz,21,83,84,78,78,315,66,CAM
Everton,"
2020 ~ 2023","5'9""",163lbs,"Sep 5, 2020",€35.5M,€115K,359,2 ★,"
62", Allan,29,83,83,78,92,384,81,CM
Liverpool,"
2016 ~ 2024","6'4""",198lbs,"Jul 1, 2016",€34.5M,€115K,300,2 ★,"
54", J. Matip,28,83,72,51,69,332,78,CB
Liverpool,"
2015 ~ 2024","6'2""",170lbs,"Jun 20, 2015",€49.5M,€95K,275,2 ★,"
113", J. Gomez,23,83,73,65,74,302,80,CB
Manchester City,"
2016 ~ 2024","5'7""",152lbs,"Jul 1, 2016",€79.5M,€115K,381,1 ★,"
324", P. Foden,20,83,87,89,76,350,56,CAM
Manchester City,"
2016 ~ 2023","5'9""",161lbs,"Aug 3, 2016",€52.5M,€150K,369,2 ★,"
135", Gabriel Jesus,23,83,86,91,79,344,73,ST
Manchester United,"
2019 ~ 2024","6'0""",159lbs,"Jun 29, 2019",€49.5M,€115K,333,1 ★,"
148", A. Wan-Bissaka,22,83,76,85,81,353,75,RB
Manchester United,"
2020 ~ 2024","5'11""",157lbs,"Oct 5, 2020",€35M,€135K,410,3 ★,"
78", Alex Telles,27,83,81,75,88,390,75,LB
Tottenham Hotspur,"
2020 ~ 2025","6'1""",185lbs,"Aug 11, 2020",€47.5M,€95K,380,2 ★,"
141", P. Højbjerg,24,83,80,65,88,358,82,CDM
Leicester City,"
2019 ~ 2023","5'9""",159lbs,"Jul 8, 2019",€49.5M,€95K,408,2 ★,"
128", Y. Tielemans,23,83,85,69,80,384,70,CM
Wolverhampton Wanderers,"
2018 ~ 2022","6'3""",185lbs,"Jun 18, 2018",€18M,€83K,103,3 ★,"
31", Rui Patrício,32,83,25,61,45,169,81,GK
Arsenal,"
2017 ~ 2022","5'9""",170lbs,"Jul 5, 2017",€30.5M,€115K,383,3 ★,"
106", A. Lacazette,29,82,82,81,67,351,73,ST
Chelsea,"
2017 ~ 2022","6'3""",187lbs,"Jul 9, 2017",€32.5M,€100K,293,2 ★,"
98", A. Rüdiger,27,82,69,57,68,307,80,CB
Chelsea,"
2020 ~ 2025","5'10""",170lbs,"Aug 26, 2020",€40.5M,€85K,369,1 ★,"
103", B. Chilwell,23,82,81,70,88,350,75,LWB
Chelsea,"
2016 ~ 2024","5'10""",154lbs,"Jan 10, 2016",€49M,€81K,408,1 ★,"
254", M. Mount,21,82,84,79,80,349,62,CAM
Everton,"
2020 ~ 2022","5'11""",165lbs,"Sep 7, 2020",€30.5M,€115K,436,4 ★,"
149", J. Rodríguez,28,82,90,78,63,360,62,RW
Leeds United,"
2020 ~ 2024","5'9""",150lbs,"Oct 6, 2020",€46M,€110K,391,1 ★,"
200", Raphinha,23,82,81,88,85,362,72,RM
Liverpool,"
2020 ~ 2025","5'10""",161lbs,"Sep 19, 2020",€46M,€105K,376,2 ★,"
146", Diogo Jota,23,82,85,87,81,363,77,LW
Manchester City,"
2016 ~ 2022","6'2""",154lbs,"Aug 9, 2016",€35.5M,€130K,321,2 ★,"
104", J. Stones,26,82,83,62,77,334,78,CB
Manchester United,"
2019 ~ 2024","6'4""",220lbs,"Aug 5, 2019",€32.5M,€120K,326,2 ★,"
109", H. Maguire,27,82,76,50,83,343,87,CB
Manchester United,"
2014 ~ 2023","5'11""",165lbs,"Jun 27, 2014",€38.5M,€105K,366,2 ★,"
122", L. Shaw,24,82,80,76,79,364,79,LB
Manchester United,"
2015 ~ 2024","6'0""",168lbs,"Sep 1, 2015",€42M,€130K,373,3 ★,"
146", A. Martial,24,82,86,83,72,325,70,ST
Newcastle United,"
2018 ~ 2025","6'3""",176lbs,"Jun 9, 2018",€16M,€43K,127,1 ★,"
27", M. Dúbravka,31,82,35,47,38,140,80,GK
Southampton,"
2019 ~ 2022","5'10""",161lbs,"Jul 2, 2019",€33M,€82K,346,1 ★,"
3K", D. Ings,27,82,81,77,74,352,70,ST
Tottenham Hotspur,"
2020 ~ 2025","5'10""",150lbs,"Sep 19, 2020",€43M,€85K,347,1 ★,"
113", Reguilón,23,82,81,75,78,345,70,LB
Tottenham Hotspur,"
Jun 30, 2021 On Loan","6'1""",181lbs,"Sep 1, 2013",€29.5M,€170K,419,4 ★,"
135", G. Bale,30,82,83,78,61,354,70,RM
West Ham United,"
2020 ~ 2024","6'4""",190lbs,"Jul 27, 2020",€38.5M,€50K,343,1 ★,"
111", T. Souček,25,82,77,66,92,375,84,CDM
Leicester City,"
2018 ~ 2024","5'9""",161lbs,"Jun 20, 2018",€43.5M,€89K,419,1 ★,"
427", J. Maddison,23,82,85,86,75,353,61,CAM
Wolverhampton Wanderers,"
2017 ~ 2024","5'11""",176lbs,"Jul 8, 2017",€46M,€89K,412,2 ★,"
153", Rúben Neves,23,82,82,68,78,388,73,CM
Fulham,"
Jun 30, 2021 On Loan","6'5""",207lbs,"Jul 1, 2010",€30M,€71K,103,2 ★,"
85", A. Areola,27,82,22,58,38,142,80,GK
Burnley,"
2016 ~ 2023","6'6""",168lbs,"Jul 20, 2016",€24M,€59K,99,1 ★,"
60", N. Pope,28,82,24,36,37,137,83,GK
Crystal Palace,"
2015 ~ 2023","5'11""",146lbs,"Feb 2, 2015",€33M,€82K,357,2 ★,"
133", W. Zaha,27,82,86,87,75,328,75,CF
Chelsea,"
2019 ~ 2024","5'10""",152lbs,"Jan 2, 2019",€41.5M,€83K,358,3 ★,"
199", C. Pulisic,21,81,85,87,76,296,59,LW
Chelsea,"
2014 ~ 2023","6'3""",209lbs,"Jan 31, 2014",€30.5M,€88K,301,2 ★,"
115", K. Zouma,25,81,64,52,66,332,84,CB
Everton,"
2017 ~ 2025","6'3""",181lbs,"Jul 3, 2017",€26M,€86K,289,2 ★,"
29", M. Keane,27,81,69,54,68,294,80,CB
Everton,"
2018 ~ 2024","5'11""",157lbs,"Jul 24, 2018",€41M,€90K,368,1 ★,"
183", Richarlison,23,81,82,79,83,363,80,ST
Everton,"
2016 ~ 2025","6'2""",157lbs,"Aug 31, 2016",€37.5M,€90K,321,1 ★,"
147", D. Calvert-Lewin,23,81,80,72,80,337,81,ST
Manchester City,"
2020 ~ 2025","6'0""",170lbs,"Aug 4, 2020",€56.5M,€110K,373,1 ★,"
262", Ferran Torres,20,81,80,82,73,311,66,RW
Manchester United,"
2018 ~ 2023","5'7""",137lbs,"Jun 21, 2018",€26.5M,€115K,393,1 ★,"
91", Fred,27,81,80,88,93,381,72,CDM
Manchester United,"
2020 ~ 2025","6'0""",163lbs,"Sep 2, 2020",€38.5M,€110K,382,3 ★,"
159", D. van de Beek,23,81,85,75,86,371,78,CM
Tottenham Hotspur,"
2020 ~ 2025","5'10""",150lbs,"Jul 27, 2020",€38.5M,€88K,410,1 ★,"
115", G. Lo Celso,24,81,85,83,79,374,74,CM
Tottenham Hotspur,"
2019 ~ 2024","5'10""",168lbs,"Jul 2, 2019",€51.5M,€88K,398,1 ★,"
144", T. Ndombele,23,81,87,84,60,366,73,CAM
Tottenham Hotspur,"
2018 ~ 2024","5'9""",154lbs,"Jan 31, 2018",€27.5M,€100K,381,3 ★,"
88", Lucas Moura,27,81,82,93,75,350,68,RM
West Ham United,"
2018 ~ 2022","6'3""",183lbs,"Jun 20, 2018",€2.9M,€26K,98,2 ★,"
34", L. Fabiański,35,81,22,53,25,148,81,GK
West Ham United,"
2016 ~ 2024","6'1""",176lbs,"Jun 29, 2016",€36.5M,€35K,330,1 ★,"
209", D. Rice,21,81,78,53,83,351,79,CDM
Leicester City,"
2016 ~ 2024","5'11""",146lbs,"Jun 25, 2016",€37.5M,€90K,376,1 ★,"
144", H. Barnes,22,81,81,81,75,305,63,LW
Wolverhampton Wanderers,"
2020 ~ 2023","5'10""",152lbs,"Sep 23, 2020",€27.5M,€86K,316,2 ★,"
78", Nélson Semedo,26,81,79,87,86,331,75,RWB
Wolverhampton Wanderers,"
2018 ~ 2022","5'7""",134lbs,"Jul 24, 2018",€16M,€95K,414,3 ★,"
25", João Moutinho,33,81,86,75,75,368,66,CM
Burnley,"
2016 ~ 2022","6'2""",179lbs,"Feb 1, 2016",€26M,€63K,312,1 ★,"
68", J. Tarkowski,27,81,69,55,71,327,81,CB
Arsenal,"
2019 ~ 2024","5'10""",168lbs,"Aug 8, 2019",€31M,€69K,351,1 ★,"
190", K. Tierney,23,80,77,76,86,349,80,LB
Arsenal,"
2019 ~ 2024","6'0""",161lbs,"Aug 1, 2019",€28M,€84K,389,1 ★,"
116", N. Pépé,25,80,81,89,77,313,65,RM
Chelsea,"
2020 ~ 2025","6'6""",190lbs,"Sep 24, 2020",€18M,€74K,117,1 ★,"
108", E. Mendy,28,80,31,48,35,98,79,GK
Chelsea,"
2017 ~ 2025","5'10""",192lbs,"Mar 3, 2017",€30.5M,€61K,386,1 ★,"
263", R. James,20,80,80,74,79,332,79,RB
Chelsea,"
2013 ~ 2022","6'2""",179lbs,"Apr 10, 2013",€29M,€74K,264,2 ★,"
82", A. Christensen,24,80,73,61,68,285,72,CB
Everton,"
2017 ~ 2024","6'1""",170lbs,"Jun 15, 2017",€20M,€65K,144,1 ★,"
64", J. Pickford,26,80,40,55,45,201,76,GK
Liverpool,"
2018 ~ 2023","5'8""",141lbs,"Jul 1, 2018",€27.5M,€90K,380,2 ★,"
77", N. Keïta,25,80,86,89,75,366,66,CM
Manchester City,"
2016 ~ 2024","5'9""",141lbs,"Jul 4, 2016",€29.5M,€95K,393,1 ★,"
123", O. Zinchenko,23,80,82,78,76,363,69,LB
Manchester United,"
2016 ~ 2025","6'3""",187lbs,"Jul 1, 2016",€36M,€70K,113,1 ★,"
127", D. Henderson,23,80,32,61,34,89,77,GK
Manchester United,"
2017 ~ 2024","6'2""",176lbs,"Jul 1, 2017",€26.5M,€100K,349,2 ★,"
68", V. Lindelöf,25,80,77,65,77,340,77,CB
Manchester United,"
2013 ~ 2025","6'4""",194lbs,"Jul 1, 2013",€29M,€90K,360,1 ★,"
129", S. McTominay,23,80,77,67,85,370,84,CDM
Southampton,"
2011 ~ 2025","5'8""",146lbs,"Jun 1, 2011",€27.5M,€62K,426,2 ★,"
247", J. Ward-Prowse,25,80,82,75,91,366,73,CM
Tottenham Hotspur,"
2017 ~ 2022","5'9""",163lbs,"Aug 31, 2017",€20.5M,€86K,322,2 ★,"
65", S. Aurier,27,80,78,70,78,366,78,RB
Tottenham Hotspur,"
2015 ~ 2024","6'2""",176lbs,"Feb 2, 2015",€29M,€82K,379,3 ★,"
193", D. Alli,24,80,82,76,80,384,77,CAM
Tottenham Hotspur,"
2020 ~ 2025","5'10""",172lbs,"Jan 29, 2020",€32.5M,€82K,373,2 ★,"
129", S. Bergwijn,22,80,82,79,75,307,71,LM
Tottenham Hotspur,"
2017 ~ 2024","6'2""",174lbs,"Aug 26, 2017",€24.5M,€74K,256,2 ★,"
84", D. Sánchez,24,80,70,60,70,291,80,CB
Leicester City,"
2018 ~ 2023","6'2""",170lbs,"Jun 8, 2018",€13.5M,€81K,249,2 ★,"
35", J. Evans,32,80,71,46,64,296,77,CB
Leicester City,"
2018 ~ 2023","6'1""",181lbs,"Aug 9, 2018",€25.5M,€69K,278,1 ★,"
102", C. Söyüncü,24,80,71,64,68,317,80,CB
Wolverhampton Wanderers,"
2019 ~ 2025","5'7""",154lbs,"Jan 31, 2019",€22.5M,€81K,337,2 ★,"
33", Jonny,26,80,77,72,79,342,69,LWB
Crystal Palace,"
2018 ~ 2023","6'3""",176lbs,"Jul 1, 2018",€7M,€48K,125,2 ★,"
22", Guaita,33,80,24,63,41,145,77,GK
Arsenal,"
2019 ~ 2021","6'2""",190lbs,"Aug 8, 2019",€8.5M,€76K,365,4 ★,"
63", David Luiz,33,79,78,66,67,362,76,CB
Arsenal,"
2020 ~ 2025","6'3""",192lbs,"Sep 1, 2020",€25.5M,€65K,263,1 ★,"
134", Gabriel,22,79,66,51,67,303,80,CB
Arsenal,"
2016 ~ 2023","6'1""",176lbs,"Jul 1, 2016",€16.5M,€76K,383,3 ★,"
81", G. Xhaka,27,79,80,49,86,365,81,CDM
Arsenal,"
2018 ~ 2025","5'10""",143lbs,"Sep 14, 2018",€37M,€29K,370,1 ★,"
383", B. Saka,18,79,80,83,76,353,64,RM
Arsenal,"
2020 ~ 2023","5'9""",170lbs,"Aug 14, 2020",€14.5M,€83K,404,3 ★,"
53", Willian,31,79,81,82,74,334,59,RM
Chelsea,"
2018 ~ 2022","6'4""",201lbs,"Jan 31, 2018",€11M,€95K,343,3 ★,"
81", O. Giroud,33,79,81,54,54,367,77,ST
Chelsea,"
2018 ~ 2025","6'1""",194lbs,"Aug 8, 2018",€19M,€62K,139,2 ★,"
66", Kepa,25,79,33,41,37,135,76,GK
Chelsea,"
2016 ~ 2023","6'2""",187lbs,"Aug 31, 2016",€15.5M,€85K,403,2 ★,"
51", Marcos Alonso,29,79,83,64,86,355,78,LWB
Everton,"
2009 ~ 2023","5'10""",170lbs,"Feb 4, 2009",€12.5M,€76K,340,2 ★,"
37", S. Coleman,31,79,76,73,72,354,71,RB
Everton,"
2018 ~ 2023","6'5""",207lbs,"Aug 9, 2018",€19.5M,€73K,260,1 ★,"
58", Y. Mina,25,79,61,50,67,314,80,CB
Everton,"
2020 ~ 2023","6'0""",168lbs,"Sep 8, 2020",€18.5M,€83K,316,2 ★,"
45", A. Doucouré,27,79,80,65,89,361,81,CM
Everton,"
2019 ~ 2024","6'2""",185lbs,"Jun 25, 2019",€19M,€83K,389,3 ★,"
55", André Gomes,26,79,82,60,71,359,75,CM
Leeds United,"
2014 ~ 2024","5'10""",159lbs,"Jul 1, 2014",€23M,€80K,362,1 ★,"
151", K. Phillips,24,79,78,72,85,356,81,CDM
Leeds United,"
2020 ~ 2024","6'0""",170lbs,"Aug 29, 2020",€17M,€105K,371,3 ★,"
78", Rodrigo,29,79,80,79,76,332,71,CAM
Liverpool,"
2015 ~ 2022","5'9""",154lbs,"Jul 1, 2015",€8M,€89K,392,2 ★,"
39", J. Milner,34,79,80,68,84,401,76,CM
Liverpool,"
2018 ~ 2023","5'7""",159lbs,"Jul 13, 2018",€17.5M,€100K,415,3 ★,"
88", X. Shaqiri,28,79,82,83,66,336,67,RW
Manchester City,"
2020 ~ 2025","5'11""",165lbs,"Aug 5, 2020",€22M,€100K,337,1 ★,"
90", N. Aké,25,79,74,73,75,324,76,CB
Manchester City,"
2017 ~ 2022","6'1""",187lbs,"Jul 24, 2017",€20M,€100K,347,2 ★,"
76", B. Mendy,25,79,77,68,74,350,77,LB
Manchester United,"
2017 ~ 2023","6'4""",183lbs,"Jul 31, 2017",€12.5M,€100K,375,3 ★,"
46", N. Matić,31,79,79,47,61,352,75,CDM
Manchester United,"
2016 ~ 2022","6'1""",170lbs,"Jul 1, 2016",€20.5M,€100K,276,2 ★,"
75", E. Bailly,26,79,63,69,60,313,79,CB
Manchester United,"
2015 ~ 2021","6'4""",190lbs,"Jul 27, 2015",€5.5M,€81K,124,3 ★,"
44", S. Romero,33,79,40,55,31,137,78,GK
Newcastle United,"
2019 ~ 2026","5'8""",148lbs,"Aug 2, 2019",€27.5M,€41K,368,2 ★,"
189", A. Saint-Maximin,23,79,83,93,74,254,63,LM
Newcastle United,"
2020 ~ 2024","5'11""",146lbs,"Sep 7, 2020",€18M,€53K,327,1 ★,"
24", C. Wilson,28,79,79,75,78,350,77,ST
Tottenham Hotspur,"
2014 ~ 2024","6'3""",198lbs,"Aug 2, 2014",€19M,€81K,354,2 ★,"
81", E. Dier,26,79,72,48,67,355,83,CB
Tottenham Hotspur,"
2013 ~ 2022","6'0""",176lbs,"Aug 30, 2013",€17.5M,€95K,405,2 ★,"
60", E. Lamela,28,79,82,77,64,377,71,RM
Tottenham Hotspur,"
2016 ~ 2023","6'2""",201lbs,"Aug 31, 2016",€14.5M,€81K,368,2 ★,"
59", M. Sissoko,30,79,77,64,89,360,88,CDM
Tottenham Hotspur,"
2014 ~ 2024","6'0""",168lbs,"Jul 23, 2014",€17M,€81K,343,2 ★,"
33", B. Davies,27,79,78,68,79,341,73,LB
West Ham United,"
2020 ~ 2023","5'9""",168lbs,"Oct 2, 2020",€17M,€43K,334,1 ★,"
43", V. Coufal,27,79,76,74,88,346,81,RB
West Ham United,"
2014 ~ 2023","5'9""",146lbs,"Jul 3, 2014",€15M,€43K,375,2 ★,"
19", A. Cresswell,30,79,77,73,74,337,68,LB
West Ham United,"
2019 ~ 2024","5'10""",148lbs,"Jul 1, 2019",€24M,€41K,381,2 ★,"
47", Pablo Fornals,24,79,83,76,80,354,68,LM
West Ham United,"
Jun 30, 2021 On Loan","5'9""",137lbs,"Jul 1, 2011",€18.5M,€110K,371,2 ★,"
121", J. Lingard,27,79,80,83,79,359,68,CAM
West Ham United,"
2015 ~ 2023","5'10""",181lbs,"Sep 1, 2015",€17M,€51K,353,2 ★,"
40", M. Antonio,30,79,76,80,77,359,84,ST
Leicester City,"
2020 ~ 2025","5'11""",176lbs,"Sep 3, 2020",€22M,€65K,316,1 ★,"
85", T. Castagne,24,79,78,71,85,319,70,RB
Wolverhampton Wanderers,"
2018 ~ 2023","6'5""",214lbs,"Jun 9, 2018",€14.5M,€80K,288,1 ★,"
29", W. Boly,29,79,70,54,67,317,83,CB
Wolverhampton Wanderers,"
2015 ~ 2025","6'1""",176lbs,"Jul 3, 2015",€18.5M,€76K,347,1 ★,"
69", C. Coady,27,79,79,48,78,335,75,CB
Wolverhampton Wanderers,"
2016 ~ 2022","6'2""",185lbs,"Aug 30, 2016",€14.5M,€76K,329,1 ★,"
28", R. Saïss,30,79,74,65,73,336,77,CB
Wolverhampton Wanderers,"
Jun 30, 2021 On Loan","6'2""",201lbs,"Jul 31, 2016",€18M,€38K,334,2 ★,"
37", Willian José,28,79,80,65,68,343,81,ST
Burnley,"
2012 ~ 2022","5'11""",181lbs,"Jan 17, 2012",€14.5M,€56K,259,1 ★,"
22", B. Mee,30,79,63,63,67,306,78,CB
Arsenal,"
2014 ~ 2023","5'10""",163lbs,"Jul 1, 2014",€17M,€66K,326,3 ★,"
102", Héctor Bellerín,25,78,77,78,76,343,66,RB
Aston Villa,"
2019 ~ 2024","6'5""",170lbs,"Jul 8, 2019",€15M,€53K,298,1 ★,"
146", T. Mings,27,78,67,55,72,319,80,CB
Aston Villa,"
2018 ~ 2025","5'10""",150lbs,"Aug 8, 2018",€17M,€51K,366,1 ★,"
174", J. McGinn,25,78,78,77,90,355,80,CDM
Aston Villa,"
2020 ~ 2025","5'11""",154lbs,"Sep 9, 2020",€21.5M,€56K,328,1 ★,"
514", O. Watkins,24,78,76,79,86,291,71,ST
Aston Villa,"
Jun 30, 2021 On Loan","6'2""",168lbs,"Jan 5, 2018",€16.5M,€81K,385,2 ★,"
60", R. Barkley,26,78,82,65,65,346,72,CAM
Chelsea,"
2014 ~ 2023","6'5""",192lbs,"Oct 1, 2014",€29M,€77K,286,1 ★,"
526", T. Abraham,22,78,76,65,69,292,70,ST
Chelsea,"
2018 ~ 2022","5'9""",174lbs,"Jan 30, 2018",€17M,€70K,349,2 ★,"
87", Emerson,25,78,80,75,70,331,63,LB
Everton,"
2017 ~ 2022","6'1""",170lbs,"Aug 16, 2017",€13.5M,€76K,409,3 ★,"
65", G. Sigurðsson,30,78,83,66,77,349,66,CAM
Leeds United,"
2018 ~ 2023","6'1""",157lbs,"Jul 31, 2018",€17M,€100K,338,1 ★,"
99", P. Bamford,26,78,78,69,91,337,77,ST
Liverpool,"
2017 ~ 2023","5'9""",154lbs,"Aug 31, 2017",€16.5M,€81K,374,2 ★,"
70", A. Oxlade-Chamberlain,26,78,83,79,78,377,73,CM
Manchester United,"
2018 ~ 2025","5'11""",154lbs,"Oct 2, 2018",€29.5M,€35K,369,1 ★,"
297", M. Greenwood,18,78,78,81,72,305,67,RM
Manchester United,"
2014 ~ 2022","5'7""",139lbs,"Jan 25, 2014",€11M,€100K,411,3 ★,"
49", Juan Mata,32,78,84,76,56,328,43,CAM
Southampton,"
2018 ~ 2022","6'6""",212lbs,"Jul 13, 2018",€14M,€51K,273,2 ★,"
51", J. Vestergaard,27,78,58,29,65,327,82,CB
Southampton,"
2015 ~ 2023","6'0""",183lbs,"Aug 12, 2015",€12.5M,€53K,307,2 ★,"
34", Oriol Romeu,28,78,70,54,74,328,81,CDM
Tottenham Hotspur,"
Jun 30, 2021 On Loan","6'3""",183lbs,"Jul 20, 2019",€19M,€16K,302,1 ★,"
86", Vinícius,25,78,78,68,77,342,82,ST
Tottenham Hotspur,"
2014 ~ 2024","5'9""",163lbs,"Jul 27, 2014",€19.5M,€63K,380,1 ★,"
88", H. Winks,24,78,81,83,77,344,68,CDM
Tottenham Hotspur,"
2020 ~ 2024","6'0""",192lbs,"Aug 30, 2020",€12.5M,€77K,330,1 ★,"
42", M. Doherty,28,78,79,67,79,343,75,RB
West Ham United,"
2015 ~ 2022","6'3""",190lbs,"Jul 10, 2015",€9M,€39K,275,2 ★,"
43", A. Ogbonna,32,78,60,54,63,289,75,CB
West Ham United,"
2020 ~ 2025","5'9""",154lbs,"Jan 31, 2020",€21M,€37K,366,1 ★,"
100", J. Bowen,23,78,78,79,78,314,65,RM
Leicester City,"
2020 ~ 2025","6'3""",168lbs,"Oct 2, 2020",€28.5M,€36K,271,1 ★,"
2.5K", W. Fofana,19,78,67,61,73,299,77,CB
Leicester City,"
2019 ~ 2023","5'10""",159lbs,"Jul 4, 2019",€15.5M,€82K,361,1 ★,"
34", Ayoze Pérez,26,78,80,81,79,354,67,RW
Leicester City,"
2019 ~ 2024","5'11""",172lbs,"Aug 8, 2019",€15M,€76K,381,2 ★,"
42", D. Praet,26,78,80,74,74,342,65,CM
Wolverhampton Wanderers,"
2018 ~ 2023","5'10""",159lbs,"Aug 8, 2018",€19M,€72K,338,1 ★,"
231", Adama Traoré,24,78,83,85,77,289,81,RW
Wolverhampton Wanderers,"
2019 ~ 2025","5'8""",137lbs,"Aug 5, 2019",€31M,€62K,336,1 ★,"
163", Pedro Neto,20,78,80,86,72,305,59,LW
Wolverhampton Wanderers,"
2020 ~ 2024","5'5""",128lbs,"Jan 30, 2020",€19M,€72K,355,1 ★,"
59", Daniel Podence,24,78,82,92,75,305,50,LW
Burnley,"
2017 ~ 2023","5'9""",161lbs,"Jan 31, 2017",€12M,€51K,389,1 ★,"
21", A. Westwood,30,78,77,74,86,365,76,CDM
Burnley,"
2017 ~ 2023","6'3""",203lbs,"Aug 21, 2017",€14.5M,€63K,322,1 ★,"
35", C. Wood,28,78,74,57,76,342,81,ST
Crystal Palace,"
2018 ~ 2022","6'2""",183lbs,"Aug 1, 2018",€11.5M,€51K,292,2 ★,"
29", C. Kouyaté,30,78,73,62,89,352,86,CB
Brighton & Hove Albion,"
2010 ~ 2025","6'4""",194lbs,"Jul 1, 2010",€13.5M,€56K,331,1 ★,"
25", L. Dunk,28,78,70,37,67,282,78,CB
Brighton & Hove Albion,"
2018 ~ 2023","6'0""",176lbs,"Jul 17, 2018",€22M,€51K,372,1 ★,"
135", Y. Bissouma,23,78,78,73,80,355,75,CM
Arsenal,"
Jun 30, 2021 On Loan","5'10""",150lbs,"Jul 14, 2017",€14.5M,€100K,387,2 ★,"
102", Dani Ceballos,23,77,83,78,75,349,67,CM
Arsenal,"
2016 ~ 2024","6'2""",179lbs,"Jul 22, 2016",€13.5M,€56K,256,1 ★,"
57", R. Holding,24,77,69,58,67,290,75,CB
Arsenal,"
Jun 30, 2021 On Loan","6'0""",181lbs,"Jul 1, 2017",€9M,€43K,117,1 ★,"
30", M. Ryan,28,77,24,53,34,162,76,GK
Arsenal,"
2016 ~ 2022","5'11""",163lbs,"Jan 14, 2016",€11M,€65K,347,1 ★,"
53", M. Elneny,27,77,76,65,89,342,74,CDM
Aston Villa,"
2020 ~ 2025","5'10""",163lbs,"Sep 3, 2020",€16M,€43K,317,1 ★,"
232", M. Cash,22,77,70,86,90,311,67,RB
Aston Villa,"
2019 ~ 2026","6'0""",170lbs,"Jul 11, 2019",€20M,€43K,290,1 ★,"
211", E. Konsa,22,77,73,67,72,299,75,CB
Aston Villa,"
2019 ~ 2025","6'0""",154lbs,"Jul 1, 2019",€14M,€43K,344,1 ★,"
151", M. Targett,24,77,74,69,78,315,68,LB
Aston Villa,"
2020 ~ 2024","5'11""",161lbs,"Sep 19, 2020",€14.5M,€48K,388,2 ★,"
179", B. Traoré,24,77,86,88,68,330,65,RM
Aston Villa,"
2021 ~ 2025","5'11""",161lbs,"Jan 26, 2021",€14M,€52K,375,2 ★,"
94", M. Sanson,25,77,76,78,81,367,77,CM
Chelsea,"
2017 ~ 2024","5'10""",174lbs,"Jul 5, 2017",€23M,€49K,376,1 ★,"
212", C. Hudson-Odoi,19,77,80,85,66,280,60,RW
Everton,"
2015 ~ 2025","6'0""",165lbs,"Aug 13, 2015",€13.5M,€56K,301,1 ★,"
69", M. Holgate,23,77,70,69,76,313,77,CB
Everton,"
Jun 30, 2021 On Loan","6'5""",190lbs,"Jul 24, 2018",€7M,€35K,100,1 ★,"
23", R. Olsen,30,77,18,32,37,141,77,GK
Everton,"
2019 ~ 2024","6'1""",165lbs,"Aug 8, 2019",€13.5M,€62K,338,1 ★,"
56", A. Iwobi,24,77,80,77,74,297,69,RM
Everton,"
2019 ~ 2024","6'1""",183lbs,"Aug 2, 2019",€13M,€56K,346,1 ★,"
47", J. Gbamin,24,77,76,67,68,338,79,CDM
Leeds United,"
2020 ~ 2024","6'1""",168lbs,"Sep 24, 2020",€11.5M,€80K,274,1 ★,"
43", Diego Llorente,26,77,77,69,71,314,78,CB
Leeds United,"
2020 ~ 2024","6'3""",183lbs,"Aug 29, 2020",€19.5M,€68K,259,1 ★,"
99", R. Koch,23,77,70,64,73,305,75,CB
Manchester City,"
2019 ~ 2022","6'3""",190lbs,"Jul 1, 2019",€12.5M,€69K,122,1 ★,"
80", Z. Steffen,25,77,31,58,39,154,72,GK
Newcastle United,"
2014 ~ 2024","6'2""",183lbs,"Aug 4, 2014",€12M,€37K,228,1 ★,"
34", J. Lascelles,26,77,64,67,69,240,79,CB
Newcastle United,"
2019 ~ 2024","5'9""",154lbs,"Jan 31, 2019",€12.5M,€40K,369,1 ★,"
45", M. Almirón,26,77,77,86,79,343,62,CAM
Southampton,"
2020 ~ 2025","5'9""",141lbs,"Aug 11, 2020",€15M,€41K,298,1 ★,"
100", K. Walker-Peters,23,77,77,72,78,303,68,RB
Southampton,"
2018 ~ 2024","6'0""",165lbs,"Jun 26, 2018",€10.5M,€54K,374,1 ★,"
38", S. Armstrong,28,77,74,77,85,353,73,RM
Southampton,"
2016 ~ 2023","5'8""",152lbs,"Jul 1, 2016",€11.5M,€52K,360,2 ★,"
29", N. Redmond,26,77,79,88,73,274,53,LM
West Ham United,"
2021 ~ 2026","5'8""",148lbs,"Jan 29, 2021",€14.5M,€35K,368,1 ★,"
71", S. Benrahma,24,77,79,85,69,313,54,CAM
West Ham United,"
2016 ~ 2024","5'10""",154lbs,"Aug 8, 2016",€11.5M,€37K,349,1 ★,"
33", A. Masuaku,26,77,78,77,78,319,70,LWB
West Ham United,"
2018 ~ 2023","6'4""",203lbs,"Jun 20, 2018",€15M,€31K,242,2 ★,"
71", I. Diop,23,77,63,52,69,287,80,CB
West Ham United,"
2016 ~ 2023","5'6""",130lbs,"Jul 1, 2016",€11M,€40K,391,2 ★,"
38", M. Lanzini,27,77,80,84,61,298,46,CAM
Leicester City,"
2020 ~ 2025","5'8""",146lbs,"Nov 6, 2020",€16M,€62K,376,1 ★,"
68", C. Ünder,22,77,81,84,67,279,52,RM
Leicester City,"
2019 ~ 2024","6'0""",176lbs,"Jun 28, 2019",€15M,€56K,332,1 ★,"
109", J. Justin,22,77,74,72,77,312,70,LWB
West Bromwich Albion,"
2018 ~ 2022","6'4""",187lbs,"Jul 3, 2018",€10.5M,€56K,102,1 ★,"
40", S. Johnstone,27,77,18,55,42,142,76,GK
Wolverhampton Wanderers,"
2019 ~ 2023","6'2""",194lbs,"Jul 1, 2019",€14M,€68K,371,2 ★,"
66", L. Dendoncker,25,77,76,58,88,358,83,CM
Fulham,"
Jun 30, 2021 On Loan","6'4""",198lbs,"Jul 12, 2019",€15M,€44K,285,1 ★,"
70", J. Andersen,24,77,67,48,69,295,78,CB
Fulham,"
Jun 30, 2021 On Loan","5'9""",157lbs,"Jul 25, 2019",€21.5M,€41K,334,1 ★,"
103", A. Lookman,22,77,80,90,74,305,62,LM
Sheffield United,"
2020 ~ 2024","6'5""",212lbs,"Jan 30, 2020",€15.5M,€29K,349,1 ★,"
135", S. Berge,22,77,77,56,86,336,85,CDM
Burnley,"
2018 ~ 2024","6'0""",154lbs,"Apr 10, 2018",€16.5M,€39K,385,1 ★,"
118", D. McNeil,20,77,80,76,78,313,67,LM
Crystal Palace,"
2016 ~ 2021","5'10""",161lbs,"Jul 1, 2016",€10.5M,€54K,386,2 ★,"
33", A. Townsend,28,77,79,78,75,338,67,RM
Crystal Palace,"
2020 ~ 2025","5'10""",148lbs,"Aug 28, 2020",€17M,€45K,369,1 ★,"
89", E. Eze,22,77,79,81,77,323,68,LM
Brighton & Hove Albion,"
2020 ~ 2023","6'0""",165lbs,"Jul 29, 2020",€10M,€52K,285,2 ★,"
31", J. Veltman,28,77,72,66,75,313,76,CB
Brighton & Hove Albion,"
2019 ~ 2023","5'8""",148lbs,"Jul 1, 2019",€12.5M,€52K,379,1 ★,"
35", L. Trossard,25,77,77,92,73,289,62,LM
Brighton & Hove Albion,"
2019 ~ 2023","5'7""",152lbs,"Aug 5, 2019",€15.5M,€52K,323,1 ★,"
51", N. Maupay,23,77,78,76,74,337,71,ST
Arsenal,"
2020 ~ 2024","5'8""",148lbs,"Jul 27, 2020",€7M,€63K,350,2 ★,"
44", Cédric,28,76,76,73,75,345,67,RB
Arsenal,"
2017 ~ 2023","6'0""",141lbs,"Jul 31, 2017",€16M,€38K,351,1 ★,"
225", E. Smith Rowe,19,76,80,75,72,298,61,CAM
Arsenal,"
2020 ~ 2024","6'4""",192lbs,"Jul 27, 2020",€8.5M,€60K,226,1 ★,"
37", Pablo Marí,26,76,63,49,72,256,81,CB
Aston Villa,"
2019 ~ 2023","5'9""",146lbs,"Jul 25, 2019",€14.5M,€40K,358,1 ★,"
306", Douglas Luiz,22,76,78,74,73,315,70,CDM
Aston Villa,"
2019 ~ 2023","6'2""",187lbs,"Aug 1, 2019",€1.3M,€38K,110,2 ★,"
28", T. Heaton,34,76,28,54,40,137,77,GK
Aston Villa,"
2019 ~ 2024","6'3""",205lbs,"Jul 1, 2019",€11M,€49K,322,1 ★,"
171", Wesley,23,76,77,53,72,337,84,ST
Everton,"
2020 ~ 2025","6'0""",174lbs,"Oct 5, 2020",€15.5M,€52K,267,1 ★,"
196", B. Godfrey,22,76,68,70,76,298,80,CB
Everton,"
2018 ~ 2022","5'5""",132lbs,"Aug 9, 2018",€8M,€66K,371,2 ★,"
39", Bernard,27,76,78,94,62,290,42,LM
Leeds United,"
2016 ~ 2023","6'1""",159lbs,"Aug 11, 2016",€7M,€78K,283,1 ★,"
34", L. Ayling,28,76,72,68,85,305,75,RB
Leeds United,"
2015 ~ 2024","6'0""",179lbs,"Aug 4, 2015",€6.5M,€78K,316,1 ★,"
38", S. Dallas,29,76,73,73,91,331,75,LB
Leeds United,"
Jun 30, 2021 On Loan","5'9""",154lbs,"Jan 30, 2018",€12M,€80K,341,1 ★,"
99", J. Harrison,23,76,76,83,85,303,68,LM
Liverpool,"
Jun 30, 2021 On Loan","6'1""",190lbs,"Jul 1, 2019",€15.5M,€18K,271,1 ★,"
140", O. Kabak,20,76,72,64,65,289,79,CB
Liverpool,"
2014 ~ 2024","6'2""",198lbs,"Jul 29, 2014",€10M,€74K,306,2 ★,"
77", D. Origi,25,76,77,69,70,308,74,ST
Liverpool,"
2020 ~ 2025","5'10""",150lbs,"Aug 10, 2020",€10.5M,€55K,354,1 ★,"
68", K. Tsimikas,24,76,72,79,79,336,75,LB
Manchester United,"
2019 ~ 2024","5'7""",168lbs,"Jun 12, 2019",€11.5M,€76K,334,1 ★,"
120", D. James,22,76,76,85,78,318,61,RM
Newcastle United,"
2016 ~ 2026","6'1""",174lbs,"Jul 11, 2016",€9M,€33K,297,1 ★,"
29", I. Hayden,25,76,74,59,78,347,78,CDM
Newcastle United,"
2014 ~ 2025","6'3""",194lbs,"Aug 4, 2014",€6M,€29K,110,1 ★,"
23", K. Darlow,29,76,31,64,44,113,75,GK
Newcastle United,"
2018 ~ 2022","6'2""",185lbs,"Jul 26, 2018",€7M,€36K,342,2 ★,"
25", F. Schär,28,76,71,64,75,362,76,CB
Southampton,"
2017 ~ 2025","6'2""",170lbs,"Jul 1, 2017",€11M,€38K,213,1 ★,"
40", J. Bednarek,24,76,59,52,71,269,77,CB
Southampton,"
2015 ~ 2021","5'10""",168lbs,"Feb 2, 2015",€6.5M,€44K,358,2 ★,"
43", R. Bertrand,30,76,76,73,70,333,71,LB
Southampton,"
2020 ~ 2024","6'3""",187lbs,"Aug 12, 2020",€15.5M,€32K,249,1 ★,"
109", M. Salisu,21,76,64,54,65,252,79,CB
Southampton,"
Jun 30, 2021 On Loan","5'9""",148lbs,"Jan 1, 2020",€9M,€74K,367,1 ★,"
72", T. Minamino,25,76,80,89,79,322,63,RW
Southampton,"
Jun 30, 2021 On Loan","5'9""",150lbs,"Jan 17, 2018",€6M,€66K,367,3 ★,"
46", T. Walcott,31,76,78,79,64,310,60,RM
West Ham United,"
Jun 30, 2021 On Loan","6'2""",170lbs,"Jul 1, 2019",€6M,€17K,255,2 ★,"
15", C. Dawson,30,76,67,62,72,327,76,CB
West Ham United,"
2018 ~ 2022","6'3""",183lbs,"Jul 11, 2018",€7M,€37K,393,3 ★,"
29", A. Yarmolenko,30,76,80,65,52,368,68,RM
West Ham United,"
2018 ~ 2022","5'11""",163lbs,"Jul 1, 2018",€7M,€34K,311,1 ★,"
26", R. Fredericks,27,76,71,76,76,328,69,RB
Leicester City,"
2017 ~ 2024","6'1""",181lbs,"Aug 3, 2017",€11.5M,€63K,364,1 ★,"
114", K. Iheanacho,23,76,79,73,73,320,72,ST
Leicester City,"
2014 ~ 2024","5'9""",163lbs,"Jul 1, 2014",€7M,€66K,379,2 ★,"
57", M. Albrighton,30,76,77,74,77,337,67,RM
Leicester City,"
2016 ~ 2023","5'6""",161lbs,"Jul 3, 2016",€6.5M,€63K,353,1 ★,"
23", N. Mendy,28,76,78,75,76,326,72,CDM
West Bromwich Albion,"
Jun 30, 2021 On Loan","6'3""",174lbs,"Jul 2, 2018",€9M,€21K,358,1 ★,"
40", O. Yokuşlu,26,76,76,61,87,356,83,CDM
West Bromwich Albion,"
2020 ~ 2022","5'9""",163lbs,"Jul 27, 2020",€11.5M,€61K,374,1 ★,"
909", Matheus Pereira,24,76,78,85,71,320,63,CAM
Wolverhampton Wanderers,"
2020 ~ 2022","5'10""",159lbs,"Sep 6, 2020",€5.5M,€60K,337,2 ★,"
18", Marçal,31,76,74,69,67,336,73,LB
Fulham,"
2018 ~ 2023","6'0""",172lbs,"Aug 9, 2018",€11.5M,€71K,340,1 ★,"
249", A. Zambo Anguissa,24,76,78,77,78,371,82,CM
Sheffield United,"
2016 ~ 2023","6'3""",187lbs,"Jul 8, 2016",€8.5M,€31K,269,1 ★,"
27", J. O'Connell,26,76,65,54,72,292,79,CB
Burnley,"
2015 ~ 2023","5'11""",172lbs,"Jun 22, 2015",€5.5M,€44K,339,1 ★,"
12", M. Lowton,31,76,73,65,76,336,74,RB
Burnley,"
2017 ~ 2024","6'1""",154lbs,"Jul 6, 2017",€8M,€44K,344,1 ★,"
25", C. Taylor,26,76,72,68,77,325,77,LB
Burnley,"
2020 ~ 2024","5'11""",152lbs,"Jan 30, 2020",€10M,€42K,356,1 ★,"
18", J. Brownhill,24,76,77,70,89,337,76,CM
Burnley,"
2017 ~ 2022","6'0""",165lbs,"Jul 11, 2017",€5M,€44K,350,2 ★,"
12", J. Cork,31,76,74,61,82,336,77,CDM
Crystal Palace,"
2019 ~ 2021","6'4""",194lbs,"Aug 5, 2019",€2.4M,€44K,250,3 ★,"
37", G. Cahill,34,76,59,49,55,314,75,CB
Crystal Palace,"
2017 ~ 2021","5'9""",148lbs,"Jan 30, 2017",€6.5M,€46K,373,1 ★,"
76", P. van Aanholt,29,76,75,77,74,346,69,LB
Crystal Palace,"
2017 ~ 2023","6'1""",176lbs,"Feb 1, 2017",€6.5M,€46K,365,1 ★,"
26", L. Milivojević,29,76,76,62,75,383,77,CDM
Crystal Palace,"
Jun 30, 2021 On Loan","6'0""",172lbs,"Jul 3, 2016",€9M,€77K,303,2 ★,"
76", M. Batshuayi,26,76,77,75,64,293,72,ST
Brighton & Hove Albion,"
2015 ~ 2024","6'1""",170lbs,"Jul 1, 2015",€15.5M,€40K,251,1 ★,"
706", B. White,22,76,73,59,79,273,76,CB
Brighton & Hove Albion,"
2017 ~ 2022","5'11""",172lbs,"Jul 1, 2017",€7.5M,€53K,392,2 ★,"
13", P. Groß,29,76,77,66,79,345,71,CM
Brighton & Hove Albion,"
2020 ~ 2023","5'10""",161lbs,"Jul 27, 2020",€6M,€51K,379,3 ★,"
16", A. Lallana,32,76,81,77,50,363,61,CM
Arsenal,"
2019 ~ 2024","5'10""",165lbs,"Jul 2, 2019",€13.5M,€36K,317,1 ★,"
317", Gabriel Martinelli,19,75,76,83,76,316,67,LM
Arsenal,"
2014 ~ 2022","6'0""",181lbs,"Jul 28, 2014",€6.5M,€55K,320,1 ★,"
56", C. Chambers,25,75,75,60,74,331,76,RB
Aston Villa,"
2019 ~ 2023","5'11""",157lbs,"Jul 25, 2019",€6.5M,€51K,356,3 ★,"
81", Trezeguet,25,75,78,78,79,275,66,RW
Aston Villa,"
2019 ~ 2024","5'10""",157lbs,"Aug 1, 2019",€6M,€44K,294,1 ★,"
54", M. Nakamba,26,75,71,76,76,312,77,CDM
Everton,"
2021 ~ 2021","6'0""",181lbs,"Feb 1, 2021",€6M,€71K,338,1 ★,"
71", J. King,28,75,76,74,67,334,73,ST
Everton,"
2015 ~ 2023","5'11""",154lbs,"Sep 30, 2015",€8.5M,€55K,352,1 ★,"
62", T. Davies,22,75,77,68,79,345,72,CM
Everton,"
2019 ~ 2022","5'9""",172lbs,"Jul 15, 2019",€4.7M,€58K,349,2 ★,"
37", F. Delph,30,75,76,77,68,360,67,CDM
Leeds United,"
2020 ~ 2023","6'5""",163lbs,"Jul 23, 2020",€10.5M,€37K,114,1 ★,"
202", I. Meslier,20,75,35,42,40,127,71,GK
Leeds United,"
2014 ~ 2024","6'2""",161lbs,"Aug 13, 2014",€5.5M,€74K,236,1 ★,"
32", L. Cooper,28,75,62,55,72,275,78,CB
Leeds United,"
2017 ~ 2022","5'8""",146lbs,"Jan 9, 2017",€2.3M,€57K,387,2 ★,"
25", Pablo Hernández,35,75,79,75,74,331,59,CAM
Manchester City,"
2017 ~ 2022","6'0""",174lbs,"Jul 1, 2017",€11.5M,€42K,282,1 ★,"
236", Eric García,19,75,71,60,68,276,72,CB
Manchester United,"
2018 ~ 2024","6'0""",139lbs,"Apr 30, 2018",€11.5M,€40K,297,1 ★,"
178", B. Williams,19,75,72,76,73,324,68,LB
Manchester United,"
2011 ~ 2023","6'1""",157lbs,"Jul 1, 2011",€4.8M,€79K,250,2 ★,"
82", P. Jones,28,75,54,52,40,309,69,CB
Newcastle United,"
2018 ~ 2023","6'3""",183lbs,"Aug 9, 2018",€3.8M,€33K,260,2 ★,"
13", F. Fernández,31,75,65,48,62,281,74,CB
Newcastle United,"
2016 ~ 2023","6'0""",176lbs,"Jan 12, 2016",€5.5M,€37K,374,2 ★,"
32", J. Shelvey,28,75,77,58,70,366,73,CM
Newcastle United,"
2016 ~ 2023","6'1""",194lbs,"Aug 3, 2016",€4.6M,€33K,255,2 ★,"
17", C. Clark,30,75,59,54,62,310,73,CB
Newcastle United,"
2020 ~ 2025","5'4""",154lbs,"Sep 7, 2020",€6M,€36K,369,1 ★,"
31", R. Fraser,26,75,75,95,62,325,56,LM
Southampton,"
2016 ~ 2022","6'4""",174lbs,"Aug 1, 2016",€3.7M,€34K,102,1 ★,"
21", A. McCarthy,30,75,17,35,35,164,75,GK
Southampton,"
2019 ~ 2024","5'10""",154lbs,"Jul 1, 2019",€8.5M,€44K,322,1 ★,"
77", C. Adams,23,75,74,78,77,317,77,ST
Tottenham Hotspur,"
2007 ~ 2021","5'9""",168lbs,"Jul 25, 2007",€4.9M,€64K,340,3 ★,"
41", D. Rose,29,75,76,69,54,349,69,LB
West Ham United,"
2020 ~ 2023","6'2""",172lbs,"Jan 15, 2020",€1.8M,€26K,110,1 ★,"
10", D. Randolph,33,75,33,50,34,123,73,GK
West Ham United,"
2018 ~ 2021","6'2""",187lbs,"Jul 14, 2018",€4.8M,€34K,223,1 ★,"
22", F. Balbuena,28,75,56,39,67,278,78,CB
West Ham United,"
2004 ~ 2022","5'10""",168lbs,"Aug 1, 2004",€3.5M,€36K,367,2 ★,"
12", M. Noble,33,75,76,62,69,392,71,CM
West Bromwich Albion,"
Jun 30, 2021 On Loan","5'10""",154lbs,"Oct 24, 2014",€8.5M,€49K,322,1 ★,"
91", A. Maitland-Niles,22,75,76,79,82,356,72,CDM
West Bromwich Albion,"
2021 ~ 2022","6'0""",181lbs,"Jan 8, 2021",€4.5M,€67K,394,2 ★,"
14", R. Snodgrass,32,75,79,69,73,354,72,RM
Fulham,"
2020 ~ 2024","5'11""",157lbs,"Sep 10, 2020",€8M,€61K,289,2 ★,"
48", K. Tete,24,75,69,69,74,309,74,RB
Fulham,"
Jun 30, 2021 On Loan","6'0""",187lbs,"Aug 8, 2017",€6.5M,€46K,366,2 ★,"
33", M. Lemina,26,75,78,70,76,356,75,CM
Fulham,"
Jun 30, 2021 On Loan","6'3""",194lbs,"Jun 3, 2013",€7.5M,€58K,352,1 ★,"
44", R. Loftus-Cheek,24,75,79,68,68,332,75,RM
Fulham,"
2015 ~ 2024","6'1""",185lbs,"Jun 26, 2015",€5.5M,€81K,381,1 ★,"
26", T. Cairney,29,75,79,77,69,330,64,CAM
Fulham,"
2018 ~ 2024","6'2""",198lbs,"Jul 30, 2018",€7.5M,€81K,282,1 ★,"
42", A. Mitrović,25,75,76,67,66,321,84,ST
Sheffield United,"
2014 ~ 2022","6'3""",176lbs,"Jul 1, 2014",€3.8M,€30K,267,1 ★,"
14", C. Basham,31,75,64,55,75,300,79,CB
Sheffield United,"
2018 ~ 2024","6'1""",165lbs,"Jul 19, 2018",€6M,€30K,257,1 ★,"
19", J. Egan,27,75,68,60,69,278,77,CB
Sheffield United,"
2016 ~ 2023","5'7""",159lbs,"Jul 9, 2016",€5.5M,€34K,374,1 ★,"
21", J. Fleck,28,75,76,78,84,361,75,CM
Burnley,"
2016 ~ 2023","5'10""",170lbs,"Jul 20, 2016",€5.5M,€48K,382,1 ★,"
18", J. Guðmundsson,29,75,76,68,65,347,67,RM
Burnley,"
2014 ~ 2022","6'1""",185lbs,"Jan 10, 2014",€5.5M,€50K,329,1 ★,"
14", A. Barnes,30,75,77,66,74,356,80,ST
Crystal Palace,"
2017 ~ 2024","6'0""",174lbs,"Jul 24, 2017",€7M,€36K,290,1 ★,"
62", J. Riedewald,23,75,76,66,58,317,69,CDM
Crystal Palace,"
Jun 30, 2022 On Loan","6'4""",194lbs,"Jul 1, 2018",€9M,€24K,273,1 ★,"
39", J. Mateta,23,75,73,69,65,298,77,ST
Crystal Palace,"
2014 ~ 2023","5'10""",146lbs,"Sep 1, 2014",€4.4M,€46K,341,1 ★,"
14", J. McArthur,32,75,77,69,79,377,74,CM
Crystal Palace,"
2017 ~ 2023","5'10""",159lbs,"Jan 13, 2017",€6M,€46K,314,1 ★,"
35", J. Schlupp,27,75,75,78,78,351,76,LM
Crystal Palace,"
2019 ~ 2022","6'0""",179lbs,"Jul 25, 2019",€6M,€52K,360,2 ★,"
18", J. Ayew,28,75,77,78,77,330,74,ST
Crystal Palace,"
2016 ~ 2022","6'4""",163lbs,"Jul 5, 2016",€3.8M,€42K,231,2 ★,"
9", J. Tomkins,31,75,57,33,54,292,73,CB
Crystal Palace,"
2017 ~ 2021","6'2""",183lbs,"Aug 31, 2017",€4.6M,€42K,259,3 ★,"
27", M. Sakho,30,75,60,51,53,300,79,CB
Crystal Palace,"
2020 ~ 2021","5'9""",148lbs,"Oct 14, 2020",€4.9M,€44K,320,2 ★,"
28", N. Clyne,29,75,76,74,58,335,63,RB
Brighton & Hove Albion,"
2019 ~ 2026","6'3""",165lbs,"Aug 3, 2019",€7M,€42K,262,1 ★,"
55", A. Webster,25,75,72,63,69,251,74,CB
Brighton & Hove Albion,"
2018 ~ 2023","6'6""",192lbs,"Aug 9, 2018",€4.8M,€46K,283,1 ★,"
20", D. Burn,28,75,64,34,69,285,80,CB
Brighton & Hove Albion,"
2019 ~ 2023","5'9""",159lbs,"Jul 1, 2019",€12.5M,€36K,390,1 ★,"
74", A. Mac Allister,21,75,77,71,68,320,62,CAM
Brighton & Hove Albion,"
2017 ~ 2023","6'1""",174lbs,"Aug 7, 2017",€5.5M,€51K,380,2 ★,"
21", D. Pröpper,28,75,80,69,72,351,71,CM
Brighton & Hove Albion,"
2013 ~ 2022","5'11""",170lbs,"Jul 1, 2013",€7M,€42K,360,1 ★,"
34", S. March,25,75,76,76,76,318,62,LWB
Arsenal,"
2015 ~ 2022","5'9""",159lbs,"Jul 1, 2015",€8.5M,€48K,284,1 ★,"
150", E. Nketiah,21,74,73,79,68,275,61,ST
Aston Villa,"
2019 ~ 2023","6'2""",198lbs,"Jul 1, 2019",€5M,€43K,357,1 ★,"
123", A. El Ghazi,25,74,77,68,73,295,69,LM
Aston Villa,"
2019 ~ 2022","6'3""",170lbs,"Jun 17, 2019",€5M,€35K,234,1 ★,"
64", K. Hause,24,74,59,53,61,277,80,CB
Chelsea,"
2017 ~ 2021","6'1""",183lbs,"Jul 1, 2017",€475K,€30K,124,2 ★,"
35", W. Caballero,38,74,30,39,32,119,76,GK
Leeds United,"
2017 ~ 2024","6'0""",181lbs,"Jun 23, 2017",€4M,€72K,360,1 ★,"
35", M. Klich,30,74,75,67,88,351,75,CM
Leeds United,"
2020 ~ 2024","5'10""",170lbs,"Jul 27, 2020",€4.6M,€72K,357,1 ★,"
25", Hélder Costa,26,74,75,81,68,276,57,RM
Liverpool,"
2019 ~ 2023","6'3""",176lbs,"Aug 5, 2019",€1.4M,€46K,99,2 ★,"
20", Adrián,33,74,23,53,38,151,72,GK
Manchester United,"
2015 ~ 2022","6'1""",165lbs,"Oct 31, 2015",€8M,€60K,292,1 ★,"
178", A. Tuanzebe,22,74,72,73,67,313,73,CB
Newcastle United,"
2010 ~ 2022","6'0""",181lbs,"Jul 1, 2010",€3.6M,€32K,309,1 ★,"
6", P. Dummett,28,74,70,61,67,299,70,CB
Newcastle United,"
2016 ~ 2023","5'8""",168lbs,"Jul 1, 2016",€3.6M,€30K,374,1 ★,"
26", M. Ritchie,30,74,76,67,75,369,69,LWB
Newcastle United,"
2019 ~ 2024","6'1""",179lbs,"Jul 23, 2019",€6.5M,€32K,297,1 ★,"
54", Joelinton,23,74,74,69,75,325,79,ST
Newcastle United,"
2020 ~ 2024","6'1""",174lbs,"Aug 24, 2020",€4.2M,€34K,362,1 ★,"
16", J. Hendrick,28,74,75,66,77,356,74,CM
Newcastle United,"
Jun 30, 2021 On Loan","6'1""",168lbs,"Jul 1, 2016",€9.5M,€43K,330,1 ★,"
190", J. Willock,20,74,76,74,74,340,69,CAM
Newcastle United,"
2017 ~ 2024","5'10""",168lbs,"Jul 21, 2017",€4.5M,€30K,326,1 ★,"
33", Manquillo,26,74,74,71,76,293,66,RB
Southampton,"
2019 ~ 2023","5'10""",143lbs,"Jul 1, 2019",€9.5M,€37K,341,1 ★,"
60", M. Djenepo,22,74,75,90,69,298,65,LM
Southampton,"
2011 ~ 2022","6'1""",165lbs,"Apr 5, 2011",€4.6M,€39K,317,1 ★,"
19", J. Stephens,26,74,70,63,68,288,73,CB
Southampton,"
2014 ~ 2022","6'7""",205lbs,"Aug 9, 2014",€2.1M,€32K,101,2 ★,"
20", F. Forster,32,74,33,44,29,149,74,GK
Tottenham Hotspur,"
2020 ~ 2022","6'5""",201lbs,"Aug 18, 2020",€1.4M,€46K,108,3 ★,"
99", J. Hart,33,74,20,50,28,147,74,GK
Leicester City,"
2018 ~ 2022","6'3""",194lbs,"Jul 21, 2018",€3.2M,€43K,113,1 ★,"
28", D. Ward,27,74,23,38,22,117,73,GK
Leicester City,"
2016 ~ 2022","6'1""",174lbs,"Feb 5, 2016",€5M,€51K,282,1 ★,"
59", D. Amartey,25,74,71,63,67,310,75,RB
Leicester City,"
2015 ~ 2021","6'2""",196lbs,"Jul 1, 2015",€1.4M,€53K,376,2 ★,"
32", C. Fuchs,34,74,76,60,54,349,67,CB
Leicester City,"
2015 ~ 2023","5'10""",141lbs,"Mar 31, 2015",€5.5M,€46K,301,1 ★,"
41", H. Choudhury,22,74,68,74,76,321,75,CDM
West Bromwich Albion,"
Jun 30, 2021 On Loan","6'0""",163lbs,"Feb 7, 2017",€9M,€46K,335,1 ★,"
105", C. Gallagher,20,74,74,67,76,338,65,CM
West Bromwich Albion,"
Jun 30, 2021 On Loan","6'3""",190lbs,"Jan 31, 2019",€4.3M,€56K,291,1 ★,"
78", M. Diagne,28,74,70,41,59,285,73,ST
West Bromwich Albion,"
2020 ~ 2025","5'11""",161lbs,"Sep 4, 2020",€9.5M,€54K,311,1 ★,"
68", G. Diangana,22,74,74,78,66,261,55,LM
West Bromwich Albion,"
2020 ~ 2021","6'1""",201lbs,"Sep 15, 2020",€750K,€41K,300,3 ★,"
18", B. Ivanović,36,74,62,54,58,318,75,CB
Fulham,"
2020 ~ 2023","6'5""",172lbs,"Oct 5, 2020",€9M,€56K,234,1 ★,"
65", T. Adarabioyo,22,74,66,58,68,252,74,CB
Fulham,"
Jun 30, 2021 On Loan","6'0""",181lbs,"Jul 1, 2019",€5.5M,€27K,316,1 ★,"
35", O. Aina,23,74,72,73,75,319,73,RB
Fulham,"
2020 ~ 2023","5'7""",150lbs,"Jan 24, 2020",€4.5M,€72K,335,1 ★,"
26", B. Decordova-Reid,27,74,73,88,78,319,63,RM
Fulham,"
2020 ~ 2024","5'9""",159lbs,"Aug 31, 2020",€5.5M,€62K,333,1 ★,"
30", H. Reed,25,74,70,77,76,342,69,CDM
Fulham,"
2018 ~ 2023","5'8""",165lbs,"Aug 9, 2018",€4.5M,€66K,333,1 ★,"
22", J. Bryan,26,74,68,79,83,328,75,LB
Sheffield United,"
2020 ~ 2024","6'2""",170lbs,"Aug 19, 2020",€5M,€18K,112,1 ★,"
81", A. Ramsdale,22,74,28,53,35,138,71,GK
Sheffield United,"
2017 ~ 2023","6'0""",172lbs,"Jul 1, 2017",€3.7M,€29K,327,1 ★,"
10", E. Stevens,29,74,72,66,81,301,73,LWB
Burnley,"
2018 ~ 2022","5'11""",157lbs,"Aug 7, 2018",€4.3M,€48K,350,1 ★,"
22", M. Vydra,28,74,76,79,75,309,67,CF
Burnley,"
2019 ~ 2022","6'1""",185lbs,"Jul 9, 2019",€4.1M,€47K,321,2 ★,"
13", J. Rodriguez,30,74,74,69,74,312,68,ST
Burnley,"
2019 ~ 2022","6'0""",192lbs,"Jul 8, 2019",€3.1M,€39K,331,2 ★,"
14", E. Pieters,31,74,71,62,74,344,78,LB
Burnley,"
2017 ~ 2021","5'9""",152lbs,"Jan 31, 2017",€4.2M,€45K,373,1 ★,"
23", R. Brady,28,74,75,74,68,347,63,LM
Crystal Palace,"
2012 ~ 2021","6'2""",183lbs,"May 28, 2012",€3.6M,€39K,279,1 ★,"
20", J. Ward,30,74,69,62,69,322,71,RB
Crystal Palace,"
2016 ~ 2023","6'3""",183lbs,"Aug 20, 2016",€4.2M,€48K,316,3 ★,"
37", C. Benteke,29,74,76,61,57,304,74,ST
Crystal Palace,"
2019 ~ 2022","5'11""",159lbs,"Aug 7, 2019",€3.6M,€41K,349,2 ★,"
35", J. McCarthy,29,74,74,68,60,350,65,CDM
Crystal Palace,"
2014 ~ 2023","6'3""",170lbs,"Aug 14, 2014",€3.5M,€39K,284,2 ★,"
6", M. Kelly,30,74,67,53,54,283,70,CB
Crystal Palace,"
2014 ~ 2021","6'6""",198lbs,"Jan 31, 2014",€1.4M,€32K,95,2 ★,"
20", W. Hennessey,33,74,23,48,29,132,74,GK
Brighton & Hove Albion,"
2018 ~ 2022","5'9""",143lbs,"Jul 20, 2018",€5M,€45K,356,1 ★,"
27", P. Tau,26,74,79,89,68,279,49,CAM
Arsenal,"
2016 ~ 2022","5'10""",165lbs,"Dec 23, 2016",€6.5M,€40K,344,1 ★,"
162", R. Nelson,20,73,76,83,67,281,53,RM
Aston Villa,"
2019 ~ 2024","6'4""",183lbs,"Jul 17, 2019",€3.4M,€36K,252,2 ★,"
34", B. Engels,25,73,62,51,68,292,75,CB
Leeds United,"
2017 ~ 2021","5'8""",139lbs,"Jul 13, 2017",€2.8M,€63K,329,1 ★,"
46", E. Alioski,28,73,71,78,92,347,75,LB
Leeds United,"
2018 ~ 2024","5'11""",165lbs,"Jan 31, 2018",€6M,€49K,316,1 ★,"
72", T. Roberts,21,73,77,77,76,309,72,CAM
Leeds United,"
2018 ~ 2024","6'3""",174lbs,"Jan 30, 2018",€6M,€43K,275,1 ★,"
112", P. Struijk,20,73,70,49,68,282,73,CB
Liverpool,"
2021 ~ 2024","6'1""",163lbs,"Feb 1, 2021",€4.4M,€45K,278,1 ★,"
44", B. Davies,24,73,66,65,75,259,75,CB
Newcastle United,"
2016 ~ 2024","5'9""",172lbs,"Jul 1, 2016",€3M,€34K,322,1 ★,"
23", D. Gayle,29,73,73,77,66,279,60,ST
Newcastle United,"
2019 ~ 2023","6'0""",183lbs,"Aug 8, 2019",€3.7M,€26K,340,1 ★,"
22", E. Krafth,25,73,72,67,75,304,71,RB
Newcastle United,"
2020 ~ 2025","5'10""",154lbs,"Sep 8, 2020",€6.5M,€24K,312,1 ★,"
70", J. Lewis,22,73,72,74,79,299,69,LB
Southampton,"
2020 ~ 2024","5'10""",150lbs,"Oct 4, 2020",€6M,€26K,302,1 ★,"
27", I. Diallo,21,73,70,71,79,341,72,CDM
Tottenham Hotspur,"
2017 ~ 2025","5'11""",161lbs,"Jul 1, 2017",€6.5M,€37K,274,1 ★,"
1.6K", J. Tanganga,21,73,65,64,66,287,74,RB
West Bromwich Albion,"
2019 ~ 2023","6'4""",183lbs,"Jul 20, 2019",€3.5M,€52K,233,1 ★,"
17", S. Ajayi,26,73,64,56,78,276,79,CB
West Bromwich Albion,"
2016 ~ 2022","6'0""",165lbs,"Jul 6, 2016",€3M,€60K,338,1 ★,"
24", M. Phillips,29,73,73,74,67,292,69,RM
West Bromwich Albion,"
2020 ~ 2025","5'10""",165lbs,"Sep 9, 2020",€4.1M,€60K,313,1 ★,"
25", C. Robinson,25,73,74,79,65,279,61,ST
West Bromwich Albion,"
2017 ~ 2022","5'11""",163lbs,"Jan 20, 2017",€2.5M,€52K,335,2 ★,"
15", J. Livermore,30,73,73,65,78,331,77,CDM
Wolverhampton Wanderers,"
Jun 30, 2021 On Loan","5'10""",154lbs,"Jul 1, 2018",€7M,€9K,309,1 ★,"
153", R. Aït Nouri,19,73,73,71,65,287,51,LWB
Fulham,"
2020 ~ 2024","5'9""",176lbs,"Jan 7, 2020",€3.4M,€72K,343,1 ★,"
15", Ivan Cavaleiro,26,73,76,76,70,318,71,ST
Fulham,"
2020 ~ 2024","6'0""",154lbs,"Aug 20, 2020",€6M,€52K,277,1 ★,"
76", A. Robinson,22,73,70,77,76,304,70,LB
Fulham,"
2014 ~ 2024","6'5""",190lbs,"Jul 31, 2014",€5M,€40K,83,1 ★,"
13", M. Rodák,23,73,21,43,27,110,69,GK
Fulham,"
2018 ~ 2022","6'0""",174lbs,"Jul 24, 2018",€1.5M,€49K,134,1 ★,"
8", Fabricio,32,73,35,57,40,146,70,GK
Sheffield United,"
2017 ~ 2024","5'9""",148lbs,"Jul 1, 2017",€2.9M,€25K,290,1 ★,"
9", G. Baldock,27,73,70,78,81,308,73,RWB
Sheffield United,"
2019 ~ 2023","5'9""",152lbs,"Jan 1, 2019",€3M,€29K,370,1 ★,"
14", O. Norwood,29,73,75,67,77,349,64,CM
Sheffield United,"
2018 ~ 2022","6'0""",163lbs,"Jul 24, 2018",€2.5M,€30K,354,1 ★,"
18", D. McGoldrick,32,73,77,69,69,309,68,ST
Sheffield United,"
2020 ~ 2024","5'10""",152lbs,"Sep 7, 2020",€6.5M,€13K,305,1 ★,"
94", J. Bogle,19,73,72,76,72,307,68,RWB
Burnley,"
2020 ~ 2022","6'1""",172lbs,"Sep 24, 2020",€2.1M,€36K,334,1 ★,"
2", D. Stephens,31,73,71,64,68,331,72,CDM
Burnley,"
2017 ~ 2022","5'11""",174lbs,"Jul 25, 2017",€925K,€26K,304,1 ★,"
9", P. Bardsley,35,73,71,55,67,332,73,RB
Crystal Palace,"
2020 ~ 2023","6'5""",209lbs,"Oct 18, 2020",€2.8M,€29K,113,2 ★,"
47", J. Butland,27,73,36,55,40,165,75,GK
Crystal Palace,"
2014 ~ 2021","6'2""",172lbs,"Jan 31, 2014",€1.5M,€36K,214,2 ★,"
8", S. Dann,33,73,59,40,34,261,64,CB
Brighton & Hove Albion,"
2020 ~ 2022","6'1""",161lbs,"Oct 18, 2020",€3M,€47K,331,3 ★,"
51", D. Welbeck,29,73,72,69,50,318,66,ST
Brighton & Hove Albion,"
2020 ~ 2025","5'4""",128lbs,"Jan 31, 2020",€7M,€20K,301,1 ★,"
186", T. Lamptey,19,73,70,78,66,292,53,RWB
Brighton & Hove Albion,"
2018 ~ 2023","5'11""",172lbs,"Jul 25, 2018",€3.3M,€45K,325,2 ★,"
38", A. Jahanbakhsh,26,73,76,78,73,313,69,RW
Brighton & Hove Albion,"
2018 ~ 2023","5'11""",172lbs,"Jun 8, 2018",€3.3M,€45K,311,2 ★,"
13", F. Andone,27,73,75,75,65,351,71,ST
Aston Villa,"
2013 ~ 2023","6'2""",176lbs,"Jul 1, 2013",€2.1M,€27K,81,1 ★,"
41", J. Steer,27,72,22,37,39,143,70,GK
Chelsea,"
2013 ~ 2022","5'8""",146lbs,"Oct 24, 2013",€3.2M,€44K,352,1 ★,"
94", C. Musonda,23,72,78,88,45,242,41,RM
Liverpool,"
2018 ~ 2025","6'1""",150lbs,"Feb 1, 2018",€5.5M,€29K,340,1 ★,"
185", C. Jones,19,72,78,74,78,331,69,CM
Newcastle United,"
2017 ~ 2022","5'10""",163lbs,"Jul 19, 2017",€2.8M,€26K,343,1 ★,"
21", J. Murphy,25,72,72,76,73,296,61,RM
Newcastle United,"
2015 ~ 2022","5'11""",143lbs,"Jun 30, 2015",€5M,€23K,352,1 ★,"
67", S. Longstaff,22,72,74,56,75,318,67,CM
Newcastle United,"
2019 ~ 2021","6'4""",174lbs,"Aug 8, 2019",€2M,€29K,290,2 ★,"
28", A. Carroll,31,72,72,45,32,347,74,ST
Newcastle United,"
2017 ~ 2021","5'5""",143lbs,"Jun 9, 2017",€2.4M,€28K,337,1 ★,"
42", C. Atsu,28,72,72,86,52,292,41,LM
West Bromwich Albion,"
2019 ~ 2023","6'0""",165lbs,"Jul 23, 2019",€3.3M,€40K,281,1 ★,"
43", D. Furlong,24,72,72,71,71,304,68,RB
West Bromwich Albion,"
2018 ~ 2022","6'4""",207lbs,"Jul 16, 2018",€2.2M,€48K,224,1 ★,"
11", K. Bartley,29,72,60,34,68,256,81,CB
West Bromwich Albion,"
2018 ~ 2024","6'0""",161lbs,"Jul 28, 2018",€2.3M,€46K,318,1 ★,"
12", C. Townsend,27,72,68,69,76,294,68,LB
West Bromwich Albion,"
2020 ~ 2026","6'0""",154lbs,"Oct 15, 2020",€5.5M,€48K,314,1 ★,"
54", K. Grant,22,72,72,73,76,276,65,ST
West Bromwich Albion,"
2019 ~ 2022","6'1""",148lbs,"Jul 27, 2019",€2.3M,€53K,340,1 ★,"
8", R. Sawyers,28,72,77,79,77,318,70,CM
Fulham,"
Jun 30, 2021 On Loan","5'11""",163lbs,"Jan 26, 2019",€5.5M,€18K,310,1 ★,"
38", J. Maja,21,72,74,68,62,255,58,ST
Sheffield United,"
2017 ~ 2021","5'11""",163lbs,"Jul 25, 2017",€2.7M,€24K,336,1 ★,"
18", J. Lundstram,26,72,72,68,79,338,71,CM
Sheffield United,"
2019 ~ 2022","5'9""",165lbs,"Jul 26, 2019",€2.9M,€21K,351,1 ★,"
15", B. Osborn,25,72,72,79,85,294,61,LWB
Sheffield United,"
2015 ~ 2022","5'9""",154lbs,"Jul 25, 2015",€1.1M,€27K,302,1 ★,"
14", B. Sharp,34,72,71,64,53,330,68,ST
Sheffield United,"
2020 ~ 2024","5'9""",163lbs,"Sep 7, 2020",€4.5M,€19K,293,1 ★,"
19", M. Lowe,23,72,73,69,69,309,66,LWB
Sheffield United,"
2019 ~ 2023","6'3""",170lbs,"Aug 2, 2019",€3.4M,€23K,270,1 ★,"
23", O. McBurnie,24,72,73,55,69,307,76,ST
Burnley,"
2019 ~ 2024","6'4""",161lbs,"Aug 2, 2019",€4M,€21K,107,1 ★,"
28", B. Peacock-Farrell,23,72,30,40,40,125,68,GK
Brighton & Hove Albion,"
2015 ~ 2025","6'6""",187lbs,"May 14, 2015",€4.6M,€22K,128,1 ★,"
39", Robert Sanchéz,22,72,37,31,40,113,72,GK
Brighton & Hove Albion,"
2017 ~ 2021","5'7""",165lbs,"Aug 16, 2017",€2.5M,€36K,320,2 ★,"
13", J. Izquierdo,27,72,75,86,52,263,48,LM
Chelsea,"
2018 ~ 2023","5'7""",146lbs,"Jul 1, 2018",€4.4M,€25K,331,1 ★,"
256", B. Gilmour,19,71,74,76,65,320,50,CM
Leeds United,"
2019 ~ 2023","6'3""",190lbs,"Jan 17, 2019",€600K,€38K,127,2 ★,"
60", Kiko Casilla,33,71,30,43,41,162,68,GK
Liverpool,"
2017 ~ 2022","6'3""",185lbs,"Aug 1, 2017",€2.7M,€35K,212,1 ★,"
58", N. Phillips,23,71,50,44,65,250,76,CB
Newcastle United,"
2018 ~ 2022","5'7""",143lbs,"Jul 6, 2018",€4.5M,€18K,341,1 ★,"
186", M. Longstaff,20,71,73,70,75,335,61,CM
Tottenham Hotspur,"
2020 ~ 2025","6'4""",168lbs,"Oct 16, 2020",€3.9M,€35K,232,1 ★,"
74", J. Rodon,22,71,62,47,66,233,71,CB
West Bromwich Albion,"
2016 ~ 2023","6'2""",163lbs,"Jul 1, 2016",€3.9M,€29K,229,1 ★,"
61", D. O'Shea,21,71,59,55,69,265,73,CB
West Bromwich Albion,"
2020 ~ 2021","5'11""",172lbs,"Jan 31, 2020",€1.5M,€45K,364,2 ★,"
14", K. Grosicki,32,71,72,79,56,297,58,LM
Wolverhampton Wanderers,"
2017 ~ 2023","5'7""",154lbs,"Jan 7, 2017",€4.5M,€31K,345,1 ★,"
82", M. Gibbs-White,20,71,71,74,67,306,64,CAM
Fulham,"
2020 ~ 2022","6'4""",181lbs,"Jan 3, 2020",€2M,€47K,245,1 ★,"
20", M. Hector,27,71,61,59,67,299,76,CB
Sheffield United,"
2020 ~ 2023","6'1""",165lbs,"Jul 27, 2020",€1.3M,€17K,108,1 ★,"
10", W. Foderingham,29,71,28,62,34,142,70,GK
Sheffield United,"
2019 ~ 2022","6'0""",176lbs,"Jul 21, 2019",€2.7M,€21K,291,1 ★,"
11", L. Mousset,24,71,71,72,68,263,67,ST
Burnley,"
2010 ~ 2023","6'3""",181lbs,"Jan 25, 2010",€1.6M,€29K,236,1 ★,"
12", K. Long,29,71,58,55,65,275,74,CB
Brighton & Hove Albion,"
2013 ~ 2022","6'5""",159lbs,"Jul 1, 2013",€2.1M,€20K,88,1 ★,"
23", C. Walton,24,71,22,32,28,103,65,GK
Arsenal,"
2020 ~ 2024","6'1""",168lbs,"Sep 21, 2020",€1.7M,€25K,101,1 ★,"
29", R. Rúnarsson,25,70,32,43,41,112,70,GK
Aston Villa,"
2017 ~ 2021","6'0""",165lbs,"Jul 19, 2017",€1.1M,€26K,354,2 ★,"
23", A. Elmohamady,32,70,72,69,73,320,70,RB
Leeds United,"
2018 ~ 2022","5'9""",157lbs,"Jan 18, 2018",€1.4M,€43K,347,1 ★,"
18", A. Forshaw,28,70,73,76,78,326,65,CDM
Leeds United,"
2014 ~ 2021","5'10""",159lbs,"Jul 19, 2014",€1.1M,€41K,278,1 ★,"
10", G. Berardi,31,70,64,68,68,317,74,CB
Newcastle United,"
2020 ~ 2023","6'4""",183lbs,"Jul 27, 2020",€1.4M,€16K,108,1 ★,"
6", M. Gillespie,28,70,29,37,39,124,71,GK
Wolverhampton Wanderers,"
2018 ~ 2025","6'5""",176lbs,"Aug 9, 2018",€3.3M,€29K,276,1 ★,"
38", M. Kilman,23,70,66,59,68,288,73,CB
Wolverhampton Wanderers,"
2017 ~ 2022","6'4""",214lbs,"Jul 10, 2017",€525K,€27K,83,2 ★,"
9", J. Ruddy,33,70,23,23,36,118,70,GK
Fulham,"
2016 ~ 2022","5'10""",159lbs,"Jul 14, 2016",€1.1M,€41K,324,1 ★,"
6", D. Odoi,32,70,70,78,66,312,68,RB
Fulham,"
2020 ~ 2024","6'2""",154lbs,"Oct 16, 2020",€1.8M,€41K,300,2 ★,"
16", T. Kongolo,26,70,66,65,65,280,72,CB
Sheffield United,"
2019 ~ 2021","5'11""",192lbs,"Jul 4, 2019",€275K,€12K,253,2 ★,"
18", P. Jagielka,37,70,59,31,30,282,62,CB
Sheffield United,"
2020 ~ 2022","5'11""",148lbs,"Jan 21, 2020",€1.6M,€17K,281,1 ★,"
11", J. Robinson,26,70,64,75,71,297,66,CB
Crystal Palace,"
2017 ~ 2025","5'11""",154lbs,"Jul 1, 2017",€3.3M,€18K,258,1 ★,"
1.1K", T. Mitchell,20,70,60,76,68,279,65,LB
Brighton & Hove Albion,"
2017 ~ 2024","5'11""",165lbs,"Jul 31, 2017",€3.6M,€21K,299,1 ★,"
39", S. Alzate,21,70,73,78,73,297,68,CM
Brighton & Hove Albion,"
2020 ~ 2025","6'2""",172lbs,"Oct 5, 2020",€3.7M,€18K,344,1 ★,"
64", J. Moder,21,70,70,69,75,334,73,CDM
Brighton & Hove Albion,"
2017 ~ 2024","5'8""",170lbs,"Jul 1, 2017",€3.2M,€23K,254,1 ★,"
37", A. Connolly,20,70,72,77,68,264,65,ST
Aston Villa,"
2017 ~ 2021","5'9""",141lbs,"Jan 31, 2017",€1M,€22K,307,2 ★,"
20", N. Taylor,31,69,70,69,67,301,65,LB
Everton,"
2014 ~ 2021","5'11""",165lbs,"Jul 28, 2014",€1.5M,€31K,327,2 ★,"
38", M. Bešić,27,69,75,73,55,322,70,CM
Leeds United,"
2020 ~ 2024","5'6""",141lbs,"Jan 24, 2020",€3.4M,€28K,272,1 ★,"
73", I. Poveda,20,69,74,81,65,225,53,RM
Manchester City,"
2018 ~ 2022","6'3""",181lbs,"Jul 1, 2018",€2.9M,€34K,344,1 ★,"
38", P. Sandler,23,69,70,65,61,283,68,CB
Leicester City,"
2017 ~ 2024","5'10""",150lbs,"Jun 1, 2017",€3.2M,€15K,277,1 ★,"
76", L. Thomas,19,69,66,68,77,295,66,LB
West Bromwich Albion,"
2016 ~ 2021","6'0""",183lbs,"Sep 1, 2016",€1.2M,€36K,300,1 ★,"
19", H. Robson-Kanu,31,69,71,58,67,307,74,ST
Wolverhampton Wanderers,"
2020 ~ 2025","6'1""",165lbs,"Sep 5, 2020",€3.5M,€7K,266,1 ★,"
181", Fábio Silva,17,69,72,72,58,268,64,ST
Fulham,"
2019 ~ 2023","6'1""",154lbs,"Aug 8, 2019",€2.8M,€33K,327,1 ★,"
38", J. Onomah,23,69,76,73,71,296,66,CM
Fulham,"
2015 ~ 2022","6'1""",176lbs,"Aug 20, 2015",€900K,€35K,323,1 ★,"
15", T. Ream,32,69,71,68,67,290,69,CB
Fulham,"
2016 ~ 2021","6'4""",212lbs,"Jul 22, 2016",€975K,€35K,321,1 ★,"
11", K. McDonald,31,69,68,53,60,315,71,CDM
Sheffield United,"
2020 ~ 2025","5'11""",165lbs,"Oct 3, 2020",€3.1M,€13K,296,1 ★,"
86", R. Brewster,20,69,69,77,64,253,61,ST
Crystal Palace,"
2015 ~ 2021","6'3""",198lbs,"Aug 3, 2015",€1.5M,€25K,312,1 ★,"
28", C. Wickham,27,69,70,52,33,293,66,ST
Crystal Palace,"
2020 ~ 2023","5'10""",154lbs,"Jul 21, 2020",€2.9M,€11K,250,1 ★,"
50", N. Ferguson,19,69,67,50,73,253,69,RB
Aston Villa,"
2015 ~ 2024","6'3""",165lbs,"Dec 1, 2015",€2M,€19K,262,1 ★,"
57", K. Davis,22,68,71,64,63,296,78,ST
Liverpool,"
2018 ~ 2025","6'0""",159lbs,"Apr 13, 2018",€3M,€13K,285,1 ★,"
128", N. Williams,19,68,67,74,65,260,60,RB
West Bromwich Albion,"
2020 ~ 2022","6'3""",192lbs,"Sep 5, 2020",€650K,€21K,116,1 ★,"
8", D. Button,31,68,33,50,35,100,65,GK
West Bromwich Albion,"
2015 ~ 2021","5'8""",141lbs,"Sep 23, 2015",€2.5M,€24K,338,1 ★,"
29", K. Edwards,22,68,75,79,66,263,55,LM
West Bromwich Albion,"
2020 ~ 2021","5'10""",161lbs,"Jan 31, 2020",€625K,€25K,270,1 ★,"
7", L. Peltier,33,68,63,53,60,301,68,RB
Sheffield United,"
2020 ~ 2023","6'2""",181lbs,"Sep 9, 2020",€1.8M,€13K,312,1 ★,"
36", O. Burke,23,68,63,69,73,265,73,ST
Sheffield United,"
2017 ~ 2023","6'0""",172lbs,"Jul 1, 2017",€2.9M,€7K,249,1 ★,"
178", E. Ampadu,19,68,64,58,60,256,67,CB
Burnley,"
2016 ~ 2021","6'2""",165lbs,"Jul 14, 2016",€1.7M,€15K,234,1 ★,"
13", J. Dunne,22,68,67,50,59,228,66,CB
Brighton & Hove Albion,"
2020 ~ 2024","5'9""",143lbs,"Oct 5, 2020",€2.7M,€10K,296,1 ★,"
68", M. Karbownik,19,68,69,64,74,301,63,LB
Aston Villa,"
2017 ~ 2023","5'11""",159lbs,"Jul 1, 2017",€2.4M,€10K,299,1 ★,"
110", J. Ramsey,19,67,70,68,62,261,56,CAM
Chelsea,"
2016 ~ 2022","5'11""",159lbs,"Oct 24, 2016",€2.3M,€16K,256,1 ★,"
90", D. Sterling,20,67,61,69,64,284,69,RB
Leeds United,"
2017 ~ 2024","5'6""",143lbs,"Jul 1, 2017",€2.2M,€20K,292,1 ★,"
48", J. Shackleton,20,67,72,81,79,291,66,CM
Leeds United,"
2020 ~ 2023","5'9""",141lbs,"Sep 16, 2020",€2.4M,€12K,302,1 ★,"
44", C. Summerville,18,67,66,87,66,232,46,RW
Manchester City,"
Jun 30, 2021 On Loan","6'3""",190lbs,"Jun 12, 2015",€170K,€7K,88,2 ★,"
20", S. Carson,34,67,20,38,28,117,70,GK
Southampton,"
2017 ~ 2022","5'7""",157lbs,"Jul 4, 2017",€2.2M,€11K,279,1 ★,"
53", M. Obafemi,19,67,67,82,64,268,64,ST
Sheffield United,"
2016 ~ 2021","6'3""",183lbs,"Aug 19, 2016",€675K,€9K,85,1 ★,"
11", S. Moore,30,67,34,58,36,112,64,GK
Sheffield United,"
2020 ~ 2021","6'2""",172lbs,"Jan 3, 2020",€850K,€11K,315,2 ★,"
18", J. Rodwell,29,67,71,65,34,328,61,CB
Brighton & Hove Albion,"
2018 ~ 2023","6'2""",174lbs,"Jun 21, 2018",€700K,€13K,127,1 ★,"
7", J. Steele,29,67,36,36,29,127,67,GK
Brighton & Hove Albion,"
2020 ~ 2024","6'1""",176lbs,"Oct 1, 2020",€2.5M,€14K,268,1 ★,"
24", A. Zeqiri,21,67,68,69,68,259,66,ST
Manchester United,"
2021 ~ 2025","5'8""",159lbs,"Jan 7, 2021",€2.3M,€3K,286,1 ★,"
213", A. Diallo,17,66,72,84,55,246,43,RM
Manchester United,"
2018 ~ 2022","6'4""",183lbs,"Jul 3, 2018",€90K,€12K,121,1 ★,"
16", L. Grant,37,66,34,48,25,152,64,GK
Newcastle United,"
2020 ~ 2024","5'9""",150lbs,"Oct 5, 2020",€1.9M,€8K,343,1 ★,"
13", R. Vilca,21,66,69,76,62,301,59,CAM
Southampton,"
2017 ~ 2024","5'8""",134lbs,"Feb 21, 2017",€2.1M,€10K,336,1 ★,"
39", W. Smallbone,20,66,71,74,61,298,48,CM
West Ham United,"
2017 ~ 2022","5'11""",152lbs,"Dec 3, 2017",€2M,€7K,258,1 ★,"
30", B. Johnson,20,66,65,68,71,240,63,RB
West Ham United,"
2019 ~ 2022","6'2""",190lbs,"Jul 1, 2019",€150K,€8K,105,1 ★,"
5", D. Martin,34,66,30,59,38,115,66,GK
Wolverhampton Wanderers,"
Jun 30, 2021 On Loan","5'8""",141lbs,"Jul 1, 2018",€2.1M,€3K,331,1 ★,"
32", Vítor Ferreira,20,66,70,90,63,309,49,CM
Sheffield United,"
2018 ~ 2021","6'1""",159lbs,"Aug 2, 2018",€1.6M,€8K,272,1 ★,"
28", K. Bryan,23,66,63,65,65,282,71,CB
Liverpool,"
2017 ~ 2022","6'2""",163lbs,"Jul 1, 2017",€1.5M,€9K,78,1 ★,"
38", C. Kelleher,21,65,14,40,19,82,61,GK
Liverpool,"
2016 ~ 2022","5'9""",159lbs,"Oct 14, 2016",€1.6M,€13K,292,1 ★,"
58", B. Woodburn,20,65,67,80,66,246,52,CAM
Manchester City,"
2018 ~ 2023","5'11""",154lbs,"Jul 25, 2018",€1.6M,€11K,294,1 ★,"
32", C. Gomes,19,65,62,76,58,290,62,CDM
Newcastle United,"
2016 ~ 2021","5'9""",168lbs,"Jan 12, 2016",€700K,€10K,342,2 ★,"
15", H. Saivet,29,65,66,75,48,316,57,CAM
Burnley,"
2020 ~ 2023","6'5""",179lbs,"Aug 14, 2020",€675K,€9K,101,1 ★,"
9", W. Norris,26,65,20,35,36,113,63,GK
Crystal Palace,"
2019 ~ 2023","6'4""",192lbs,"Jul 6, 2019",€350K,€9K,95,1 ★,"
11", S. Henderson,32,65,18,47,34,118,64,GK
Everton,"
2018 ~ 2024","6'3""",183lbs,"Aug 3, 2018",€1.2M,€7K,77,1 ★,"
22", João Virgínia,20,64,15,30,16,102,61,GK
Everton,"
2017 ~ 2021","5'9""",165lbs,"Jul 7, 2017",€950K,€11K,280,1 ★,"
17", J. Bowler,21,64,65,69,64,239,50,RM
Leeds United,"
2018 ~ 2023","5'10""",148lbs,"Jul 4, 2018",€1.3M,€12K,230,1 ★,"
22", L. Davis,20,64,56,70,65,236,59,LB
Leeds United,"
2020 ~ 2024","5'9""",168lbs,"Aug 10, 2020",€1.5M,€8K,282,1 ★,"
58", J. Gelhardt,18,64,66,70,62,244,61,ST
Manchester City,"
2020 ~ 2023","6'1""",159lbs,"Jul 1, 2020",€1.8M,€5K,257,1 ★,"
422", L. Delap,17,64,62,74,60,253,66,ST
Manchester United,"
2018 ~ 2023","5'9""",148lbs,"May 21, 2018",€1.4M,€10K,300,1 ★,"
41", E. Galbraith,19,64,66,78,67,287,58,CDM
Southampton,"
2013 ~ 2021","5'11""",154lbs,"Jun 1, 2013",€725K,€10K,300,1 ★,"
15", S. McQueen,25,64,66,68,42,273,56,LB
Tottenham Hotspur,"
2016 ~ 2022","6'2""",185lbs,"Sep 21, 2016",€1.1M,€8K,82,1 ★,"
33", A. Whiteman,21,64,23,31,26,91,62,GK
West Ham United,"
2017 ~ 2022","5'10""",154lbs,"Jan 22, 2017",€1.3M,€8K,289,1 ★,"
26", N. Holland,22,64,64,76,54,231,45,LW
Leicester City,"
2017 ~ 2022","6'3""",187lbs,"Jul 19, 2017",€60K,€7K,92,1 ★,"
13", E. Jakupović,35,64,22,37,31,154,64,GK
West Bromwich Albion,"
2021 ~ 2021","6'4""",192lbs,"Jan 9, 2021",€60K,€8K,88,1 ★,"
5", A. Lonergan,36,64,24,50,28,96,65,GK
Burnley,"
2019 ~ 2023","5'9""",163lbs,"Jan 29, 2019",€1.4M,€8K,318,1 ★,"
29", J. Benson,20,64,66,74,71,291,65,CM
Brighton & Hove Albion,"
2021 ~ 2025","5'10""",161lbs,"Feb 1, 2021",€1.5M,€4K,262,1 ★,"
51", M. Caicedo,18,64,65,67,68,279,61,CM
Everton,"
2019 ~ 2023","5'9""",150lbs,"Mar 5, 2019",€1.1M,€7K,251,1 ★,"
18", K. John,19,63,61,79,62,261,53,RB
Everton,"
2016 ~ 2023","5'10""",161lbs,"Feb 1, 2016",€1.1M,€13K,292,1 ★,"
15", N. Broadhead,22,63,64,70,53,245,51,LW
Liverpool,"
2019 ~ 2023","6'5""",168lbs,"Feb 26, 2019",€1.1M,€7K,227,1 ★,"
26", R. Williams,19,63,54,50,60,244,68,CB
Manchester United,"
2018 ~ 2021","5'8""",143lbs,"Jan 12, 2018",€1.2M,€10K,317,1 ★,"
55", Arnau Puigmal,19,63,67,77,64,311,58,CM
Manchester United,"
2020 ~ 2024","5'11""",154lbs,"Jul 1, 2020",€1.2M,€6K,297,1 ★,"
64", A. Elanga,18,63,63,80,54,226,50,LM
Southampton,"
2017 ~ 2023","5'7""",154lbs,"Jun 9, 2017",€1.2M,€7K,260,1 ★,"
39", N. Tella,20,63,60,84,57,236,51,RM
Tottenham Hotspur,"
2017 ~ 2021","5'10""",150lbs,"Jul 1, 2017",€1M,€10K,264,1 ★,"
23", G. Marsh,21,63,60,57,71,269,64,RB
Leicester City,"
2017 ~ 2022","6'2""",176lbs,"Jun 9, 2017",€900K,€11K,201,1 ★,"
16", S. Hughes,23,63,44,50,64,253,71,CB
Wolverhampton Wanderers,"
2020 ~ 2025","6'0""",159lbs,"Sep 19, 2020",€1.3M,€4K,294,1 ★,"
118", K. Hoever,18,63,63,68,58,264,62,RWB
Arsenal,"
2019 ~ 2025","5'10""",154lbs,"Feb 13, 2019",€1.1M,€5K,238,1 ★,"
105", F. Balogun,18,62,60,72,66,233,61,ST
Arsenal,"
2019 ~ 2022","5'11""",165lbs,"Sep 24, 2019",€1M,€2K,310,1 ★,"
49", M. Azeez,17,62,62,60,60,270,56,CM
Arsenal,"
2019 ~ 2022","5'9""",132lbs,"Dec 13, 2019",€1M,€2K,317,1 ★,"
20", C. Cîrjan,17,62,69,59,45,255,39,CM
Aston Villa,"
2020 ~ 2024","5'9""",143lbs,"Jan 23, 2020",€1.3M,€2K,248,1 ★,"
97", L. Barry,17,62,59,74,65,234,55,ST
Everton,"
2020 ~ 2023","5'11""",172lbs,"Jul 27, 2020",€1M,€6K,230,1 ★,"
56", N. Nkounkou,19,62,58,72,69,233,67,LB
Manchester City,"
2019 ~ 2025","5'8""",159lbs,"Oct 17, 2019",€1M,€6K,309,1 ★,"
61", T. Doyle,18,62,64,70,65,258,62,CM
Manchester City,"
2018 ~ 2021","6'1""",163lbs,"Jul 1, 2018",€1M,€10K,291,1 ★,"
71", F. Nmecha,19,62,61,73,66,269,60,CAM
Manchester United,"
2019 ~ 2022","6'0""",154lbs,"Aug 7, 2019",€975K,€4K,262,1 ★,"
30", R. Devine,18,62,57,65,55,268,61,LB
Manchester United,"
2020 ~ 2026","6'0""",154lbs,"Jul 1, 2020",€1.2M,€2K,293,1 ★,"
90", H. Mejbri,17,62,62,76,62,294,58,CAM
Manchester United,"
2018 ~ 2022","5'11""",165lbs,"Jun 4, 2018",€950K,€10K,241,1 ★,"
27", D. Bughail-Mellor,19,62,57,72,66,275,64,ST
Newcastle United,"
2019 ~ 2024","5'9""",139lbs,"Nov 8, 2019",€1.2M,€850,297,1 ★,"
50", E. Anderson,17,62,63,74,54,258,49,CAM
Southampton,"
2018 ~ 2023","6'0""",146lbs,"Sep 19, 2018",€900K,€4K,223,1 ★,"
23", K. Ramsay,19,62,54,61,61,250,63,RB
Southampton,"
2015 ~ 2022","6'3""",170lbs,"Aug 31, 2015",€775K,€6K,97,1 ★,"
19", H. Lewis,22,62,18,42,29,111,60,GK
Tottenham Hotspur,"
2020 ~ 2023","5'10""",161lbs,"Nov 26, 2020",€1.6M,€3K,246,1 ★,"
272", D. Scarlett,16,62,65,62,52,245,57,ST
West Ham United,"
2021 ~ 2024","6'2""",172lbs,"Jan 2, 2021",€900K,€5K,188,1 ★,"
21", F. Alves,20,62,52,44,67,201,70,CB
Fulham,"
2018 ~ 2023","5'8""",157lbs,"Sep 28, 2018",€1M,€8K,276,1 ★,"
22", S. Jasper,19,62,62,78,58,231,50,LM
Burnley,"
2018 ~ 2022","5'11""",159lbs,"Jul 3, 2018",€825K,€6K,248,1 ★,"
8", A. Glennon,20,62,63,65,69,266,61,LB
Arsenal,"
2012 ~ 2022","6'5""",176lbs,"Aug 31, 2012",€350K,€8K,81,1 ★,"
10", D. Iliev,25,61,21,37,35,107,60,GK
Leeds United,"
2018 ~ 2023","6'2""",172lbs,"Nov 15, 2018",€725K,€7K,204,1 ★,"
7", O. Casey,19,61,56,46,55,209,61,CB
Leeds United,"
2020 ~ 2024","6'0""",161lbs,"Aug 13, 2020",€800K,€4K,227,1 ★,"
41", C. Drameh,18,61,59,68,64,255,60,RB
Leeds United,"
2020 ~ 2023","6'1""",161lbs,"Jan 21, 2020",€725K,€1K,76,1 ★,"
16", E. Caprile,18,61,15,40,28,86,58,GK
Leeds United,"
2020 ~ 2023","5'11""",165lbs,"Aug 28, 2020",€825K,€6K,306,1 ★,"
40", S. Greenwood,18,61,64,63,67,242,56,CF
Liverpool,"
2019 ~ 2022","5'9""",152lbs,"Aug 7, 2019",€825K,€6K,261,1 ★,"
31", Y. Larouci,19,61,61,65,60,258,57,LB
Manchester City,"
2018 ~ 2021","5'9""",150lbs,"Sep 25, 2018",€850K,€9K,305,1 ★,"
42", Adrián Bernabé,19,61,69,77,60,242,50,CAM
Southampton,"
2016 ~ 2022","6'2""",165lbs,"Aug 1, 2016",€750K,€7K,229,1 ★,"
7", D. N'Lundulu,21,61,56,58,59,233,65,ST
Tottenham Hotspur,"
2020 ~ 2023","6'0""",159lbs,"Jan 14, 2020",€875K,€3K,244,1 ★,"
54", D. Cirkin,18,61,50,53,57,270,58,LB
Tottenham Hotspur,"
2021 ~ 2023","5'11""",154lbs,"Jan 25, 2021",€900K,€2K,306,1 ★,"
16", N. John,17,61,65,62,42,253,50,CAM
West Ham United,"
2017 ~ 2022","6'5""",181lbs,"Jan 20, 2017",€700K,€3K,95,1 ★,"
13", N. Trott,21,61,30,38,22,98,61,GK
Leicester City,"
2019 ~ 2021","6'2""",141lbs,"Mar 18, 2019",€825K,€4K,308,1 ★,"
14", Sidnei Tavares,18,61,65,74,63,269,56,CM
Leicester City,"
2019 ~ 2022","5'8""",150lbs,"Jul 29, 2019",€700K,€7K,247,1 ★,"
14", M. Clark,21,61,57,63,66,258,63,RB
Leicester City,"
2017 ~ 2022","5'9""",159lbs,"Aug 29, 2017",€800K,€8K,295,1 ★,"
22", K. Leshabela,20,61,64,70,52,252,53,CAM
Fulham,"
2018 ~ 2022","5'10""",139lbs,"Jul 1, 2018",€1M,€2K,291,1 ★,"
46", F. Carvalho,17,61,65,72,51,221,42,CAM
Fulham,"
2016 ~ 2023","5'10""",170lbs,"Jul 1, 2016",€700K,€9K,222,1 ★,"
28", M. Fossey,21,61,59,76,66,229,59,RB
Crystal Palace,"
2019 ~ 2021","5'7""",123lbs,"Jul 1, 2019",€825K,€4K,288,1 ★,"
19", D. Boateng,19,61,58,55,58,276,58,LB
Arsenal,"
2019 ~ 2022","5'10""",165lbs,"Jul 2, 2019",€600K,€3K,224,1 ★,"
10", Joel López,18,60,56,68,64,248,56,LB
Chelsea,"
2019 ~ 2022","5'8""",143lbs,"Nov 22, 2019",€600K,€500,253,1 ★,"
121", T. Livramento,17,60,52,60,59,269,57,RWB
Leeds United,"
2019 ~ 2023","6'3""",176lbs,"Sep 24, 2019",€575K,€550,207,1 ★,"
19", C. Cresswell,17,60,58,40,54,216,60,CB
Leeds United,"
2017 ~ 2021","5'11""",176lbs,"Aug 2, 2017",€250K,€12K,328,1 ★,"
21", O. Bouy,27,60,66,57,59,281,62,CB
Manchester United,"
2021 ~ 2024","5'10""",154lbs,"Feb 8, 2021",€775K,€2K,272,1 ★,"
90", S. Shoretire,16,60,61,83,53,245,50,RM
Southampton,"
2017 ~ 2022","5'9""",154lbs,"Dec 11, 2017",€550K,€6K,278,1 ★,"
11", W. Ferry,20,60,62,79,46,237,45,LM
Southampton,"
2019 ~ 2022","5'11""",165lbs,"Jul 17, 2019",€625K,€3K,304,1 ★,"
7", A. Jankewitz,18,60,63,68,67,271,62,CM
Southampton,"
2019 ~ 2022","5'10""",161lbs,"Jul 17, 2019",€625K,€3K,299,1 ★,"
16", C. Watts,18,60,67,59,62,241,53,CM
Tottenham Hotspur,"
2018 ~ 2023","6'0""",172lbs,"Sep 4, 2018",€650K,€3K,276,1 ★,"
26", J. Bowden,18,60,58,50,45,271,56,CDM
West Ham United,"
2017 ~ 2023","5'9""",143lbs,"May 25, 2017",€600K,€5K,268,1 ★,"
17", C. Coventry,20,60,63,68,73,286,59,CM
Leicester City,"
2016 ~ 2021","5'10""",159lbs,"Jul 1, 2016",€550K,€8K,299,1 ★,"
11", L. Ndukwu,21,60,60,71,56,244,57,CAM
Leicester City,"
2020 ~ 2022","5'6""",123lbs,"Sep 19, 2020",€600K,€8K,301,1 ★,"
15", T. Suengchitthawon,20,60,65,75,64,241,49,CAM
West Bromwich Albion,"
2017 ~ 2024","5'10""",148lbs,"Jul 1, 2017",€650K,€7K,243,1 ★,"
18", R. Tulloch,19,60,63,58,51,242,56,ST
Wolverhampton Wanderers,"
2019 ~ 2022","6'3""",194lbs,"Dec 12, 2019",€600K,€5K,273,1 ★,"
34", O. Otasowie,19,60,62,56,64,274,65,CDM
Fulham,"
2019 ~ 2021","6'1""",170lbs,"Jul 13, 2019",€550K,€11K,255,1 ★,"
9", M. Taylor-Crossdale,20,60,59,59,55,239,57,ST
Burnley,"
2019 ~ 2022","5'10""",165lbs,"Dec 17, 2019",€575K,€3K,238,1 ★,"
6", M. Thompson,18,60,62,57,51,231,54,ST
Brighton & Hove Albion,"
2019 ~ 2021","5'10""",154lbs,"Aug 8, 2019",€550K,€4K,217,1 ★,"
12", R. Yapi,19,60,50,67,55,228,57,RB
Aston Villa,"
2018 ~ 2024","5'10""",148lbs,"Jul 1, 2018",€725K,€4K,279,1 ★,"
20", J. Philogene-Bidace,18,59,61,67,47,215,42,LW
Aston Villa,"
2021 ~ 2026","5'9""",137lbs,"Mar 25, 2021",€550K,€500,237,1 ★,"
11", K. Kesler,17,59,57,67,55,243,51,RB
Chelsea,"
2018 ~ 2025","6'1""",163lbs,"Nov 28, 2018",€575K,€4K,277,1 ★,"
110", T. Anjorin,18,59,59,59,58,243,62,CAM
Chelsea,"
2017 ~ 2022","5'8""",143lbs,"Aug 30, 2017",€575K,€6K,300,1 ★,"
21", G. McEachran,19,59,63,75,56,258,44,CM
Everton,"
2019 ~ 2023","6'0""",154lbs,"Jan 17, 2019",€500K,€3K,213,1 ★,"
9", R. Astley,18,59,47,57,39,236,53,CB
Everton,"
2018 ~ 2021","6'0""",159lbs,"Jul 11, 2018",€450K,€7K,210,1 ★,"
8", C. Ouzounidis,20,59,42,60,50,227,57,CB
Liverpool,"
2019 ~ 2023","5'9""",148lbs,"Feb 20, 2019",€575K,€7K,252,1 ★,"
16", P. Glatzel,19,59,57,73,51,231,49,ST
Manchester City,"
2018 ~ 2026","6'2""",163lbs,"Jul 1, 2018",€575K,€5K,292,1 ★,"
27", C. Palmer,18,59,62,74,60,252,51,CAM
Newcastle United,"
2019 ~ 2022","6'1""",154lbs,"Nov 4, 2019",€500K,€750,300,1 ★,"
12", J. White,17,59,62,58,52,250,49,CM
West Ham United,"
2019 ~ 2022","5'11""",146lbs,"Oct 25, 2019",€575K,€1K,236,1 ★,"
8", A. Odubeko,17,59,56,57,55,235,55,ST
Wolverhampton Wanderers,"
2018 ~ 2021","6'2""",181lbs,"Aug 31, 2018",€550K,€8K,280,1 ★,"
11", S. Diallo,21,59,63,67,67,259,64,CM
Fulham,"
2019 ~ 2023","5'11""",157lbs,"Aug 1, 2019",€700K,€3K,217,1 ★,"
23", J. Stansfield,17,59,63,68,64,238,54,ST
Sheffield United,"
2021 ~ 2023","6'3""",172lbs,"May 16, 2021",€575K,€1K,244,1 ★,"
19", D. Jebbison,16,59,60,47,60,245,60,ST
Sheffield United,"
2019 ~ 2022","5'11""",154lbs,"Aug 30, 2019",€500K,€4K,299,1 ★,"
4", I. Ndiaye,20,59,61,71,52,214,51,CAM
Burnley,"
2020 ~ 2022","5'10""",154lbs,"Feb 7, 2020",€525K,€2K,241,1 ★,"
4", L. Richardson,17,59,60,63,59,216,48,ST
Burnley,"
2019 ~ 2022","6'2""",176lbs,"Oct 4, 2019",€500K,€6K,228,1 ★,"
8", J. Mumbongo,21,59,55,55,59,224,65,ST
Burnley,"
2021 ~ 2022","5'9""",141lbs,"Jan 31, 2021",€575K,€4K,281,1 ★,"
10", A. Gomez Mancini,19,59,61,61,37,277,45,CAM
Crystal Palace,"
2020 ~ 2022","5'10""",165lbs,"Jul 30, 2020",€500K,€2K,256,1 ★,"
7", J. Giddings,18,59,56,59,66,246,59,CDM
Brighton & Hove Albion,"
2020 ~ 2023","6'0""",165lbs,"Sep 22, 2020",€525K,€5K,287,1 ★,"
10", U. Eneme-Ella,19,59,64,64,36,240,52,CAM
Arsenal,"
2016 ~ 2022","6'2""",176lbs,"Jan 6, 2016",€425K,€7K,209,1 ★,"
15", T. Bola,21,58,49,65,58,227,60,LB
Leeds United,"
2019 ~ 2023","5'9""",154lbs,"Jan 15, 2019",€500K,€3K,244,1 ★,"
11", J. Jenkins,18,58,59,58,62,247,60,CDM
Leeds United,"
2019 ~ 2023","5'9""",146lbs,"Jul 1, 2019",€500K,€6K,234,1 ★,"
20", N. Huggins,19,58,59,65,67,256,54,LB
Newcastle United,"
2019 ~ 2022","5'7""",141lbs,"Jul 1, 2019",€525K,€3K,302,1 ★,"
8", J. Young,19,58,60,66,61,267,46,CM
Tottenham Hotspur,"
2017 ~ 2022","5'9""",154lbs,"Jul 1, 2017",€550K,€4K,272,1 ★,"
15", D. Markanday,18,58,60,62,52,197,46,RM
Tottenham Hotspur,"
2020 ~ 2022","5'11""",154lbs,"Oct 3, 2020",€500K,€5K,208,1 ★,"
15", M. Lavinier,19,58,51,58,58,243,60,RB
West Ham United,"
2020 ~ 2022","5'11""",165lbs,"Jul 1, 2020",€450K,€2K,223,1 ★,"
8", H. Ashby,18,58,50,55,64,236,59,RB
West Ham United,"
2019 ~ 2022","5'10""",139lbs,"Jan 30, 2019",€450K,€5K,227,1 ★,"
22", Mésaque Djú,21,58,60,63,54,258,60,RM
Leicester City,"
2019 ~ 2022","5'11""",159lbs,"Jul 5, 2019",€500K,€9K,278,1 ★,"
11", A. Reghba,20,58,60,65,69,261,70,ST
West Bromwich Albion,"
2017 ~ 2022","5'8""",128lbs,"Nov 30, 2017",€525K,€7K,229,1 ★,"
15", J. Soule,19,58,56,76,54,221,38,ST
Wolverhampton Wanderers,"
2020 ~ 2023","6'2""",165lbs,"Mar 11, 2020",€600K,€500,229,1 ★,"
9", Christian Marques,17,58,50,47,65,256,62,CB
Wolverhampton Wanderers,"
2018 ~ 2023","6'2""",165lbs,"Jan 26, 2018",€475K,€3K,72,1 ★,"
7", A. Søndergaard,19,58,18,38,24,84,55,GK
Sheffield United,"
2021 ~ 2022","5'10""",150lbs,"Jan 2, 2021",€650K,€1K,198,1 ★,"
55", A. Hackford,16,58,59,70,55,218,44,ST
Crystal Palace,"
2015 ~ 2021","6'0""",170lbs,"Nov 27, 2015",€450K,€6K,277,1 ★,"
18", L. Dreher,21,58,63,68,57,248,58,CM
Crystal Palace,"
2018 ~ 2021","5'7""",146lbs,"Sep 3, 2018",€525K,€3K,286,1 ★,"
20", B. Aveiro,18,58,63,76,51,214,41,CF
Everton,"
2019 ~ 2022","5'6""",146lbs,"Jul 8, 2019",€400K,€6K,260,1 ★,"
8", E. Iversen,19,57,58,58,59,272,54,CM
Liverpool,"
2019 ~ 2022","6'5""",179lbs,"Jan 23, 2019",€500K,€500,172,1 ★,"
29", B. Koumetio,17,57,37,45,55,225,60,CB
Newcastle United,"
2018 ~ 2021","6'1""",168lbs,"Aug 9, 2018",€425K,€4K,252,1 ★,"
12", Y. Touré,19,57,61,54,53,219,60,ST
West Ham United,"
2020 ~ 2022","5'8""",139lbs,"Feb 15, 2020",€525K,€750,255,1 ★,"
8", A. Diallo,17,57,58,74,53,225,45,LM
Wolverhampton Wanderers,"
2019 ~ 2023","5'11""",159lbs,"Oct 30, 2019",€525K,€1K,287,1 ★,"
11", C. Campbell,17,57,62,76,53,233,50,CAM
Wolverhampton Wanderers,"
2018 ~ 2022","6'2""",170lbs,"Jun 30, 2018",€425K,€5K,291,1 ★,"
15", T. Corbeanu,18,57,58,67,66,210,61,ST
Fulham,"
2018 ~ 2022","5'8""",130lbs,"Jul 13, 2018",€425K,€7K,258,1 ★,"
7", B. Davis,19,57,60,68,55,262,54,CM
Fulham,"
2017 ~ 2022","5'9""",132lbs,"Aug 1, 2017",€425K,€7K,276,1 ★,"
8", T. Francois,19,57,63,77,44,258,41,CM
Sheffield United,"
2021 ~ 2022","5'9""",159lbs,"Feb 15, 2021",€400K,€700,287,1 ★,"
7", F. Maguire,16,57,58,69,60,223,49,CM
Burnley,"
2018 ~ 2022","5'11""",176lbs,"Jul 10, 2018",€400K,€6K,212,1 ★,"
3", R. Harker,20,57,57,65,51,222,53,ST
Arsenal,"
2019 ~ 2022","5'5""",132lbs,"Jul 2, 2019",€325K,€4K,296,1 ★,"
10", B. Cottrell,18,56,61,63,48,238,47,CM
Arsenal,"
2019 ~ 2022","6'4""",170lbs,"May 9, 2019",€325K,€900,68,1 ★,"
10", K. Hein,18,56,12,28,40,83,58,GK
Everton,"
2019 ~ 2021","5'9""",137lbs,"Jan 18, 2019",€325K,€4K,277,1 ★,"
11", B. Carroll,18,56,58,70,49,275,48,CM
Manchester City,"
2019 ~ 2023","6'2""",172lbs,"Jul 1, 2019",€350K,€7K,166,1 ★,"
8", Y. Amankwah,19,56,44,42,61,202,65,CB
Southampton,"
2018 ~ 2022","6'1""",172lbs,"Dec 21, 2018",€350K,€2K,170,1 ★,"
3", A. Tchaptchet,18,56,36,42,61,213,63,CB
West Ham United,"
2020 ~ 2023","6'1""",165lbs,"Nov 12, 2020",€425K,€500,197,1 ★,"
8", J. Baptiste,16,56,46,48,56,214,62,CB
Leicester City,"
2019 ~ 2022","6'7""",203lbs,"Aug 1, 2019",€325K,€500,76,1 ★,"
18", C. Odunze,17,56,17,35,21,81,57,GK
West Bromwich Albion,"
2019 ~ 2022","5'10""",154lbs,"Jun 20, 2019",€325K,€5K,235,1 ★,"
3", O. Windsor,18,56,54,66,53,222,45,ST
Wolverhampton Wanderers,"
2019 ~ 2023","5'9""",143lbs,"Jan 1, 2019",€350K,€9K,260,1 ★,"
9", David Wang,20,56,57,71,45,202,43,RW
Sheffield United,"
2017 ~ 2022","6'3""",176lbs,"Jul 1, 2017",€350K,€3K,155,1 ★,"
6", S. Graham,19,56,39,62,63,182,66,CB
Burnley,"
2020 ~ 2021","5'10""",170lbs,"Aug 20, 2020",€300K,€3K,264,1 ★,"
3", W. Rickard,18,56,54,52,53,257,55,CAM
Burnley,"
2020 ~ 2022","5'9""",154lbs,"Aug 20, 2020",€275K,€2K,212,1 ★,"
2", C. Barrett,18,56,47,54,53,256,55,RB
Brighton & Hove Albion,"
2020 ~ 2023","5'10""",154lbs,"Jul 27, 2020",€400K,€3K,269,1 ★,"
8", J. Weir,18,56,58,59,52,261,50,CM
Liverpool,"
2020 ~ 2022","5'7""",146lbs,"Jan 6, 2020",€275K,€9K,217,1 ★,"
15", J. Hardy,21,55,58,61,44,213,48,ST
Southampton,"
2020 ~ 2022","5'10""",143lbs,"Jan 27, 2020",€275K,€900,283,1 ★,"
4", K. Chauke,17,55,62,72,60,226,44,CM
Southampton,"
2020 ~ 2023","5'10""",152lbs,"Dec 11, 2020",€325K,€900,268,1 ★,"
8", R. Finnigan,16,55,52,66,63,266,57,CM
West Ham United,"
2019 ~ 2023","5'10""",154lbs,"Jul 1, 2019",€275K,€3K,211,1 ★,"
2", E. Longelo,19,55,50,59,62,233,55,LB
West Ham United,"
2019 ~ 2022","5'10""",163lbs,"Jul 1, 2019",€300K,€3K,256,1 ★,"
22", Bernardo Rosa,19,55,58,68,59,224,47,CAM
Wolverhampton Wanderers,"
2018 ~ 2023","5'11""",159lbs,"Jul 15, 2018",€350K,€3K,280,1 ★,"
5", T. Perry,18,55,57,68,55,256,57,CM
Wolverhampton Wanderers,"
2017 ~ 2022","5'10""",152lbs,"Nov 20, 2017",€325K,€6K,228,1 ★,"
11", A. Samuels,19,55,54,77,60,211,48,ST
Fulham,"
2017 ~ 2021","6'2""",174lbs,"Jul 1, 2017",€275K,€9K,229,1 ★,"
6", J. Harris,20,55,53,66,68,269,70,CM
Sheffield United,"
2020 ~ 2022","5'9""",154lbs,"May 4, 2020",€350K,€2K,294,1 ★,"
4", Z. Brunt,18,55,63,62,53,239,48,CM
Burnley,"
2020 ~ 2022","5'10""",170lbs,"Sep 8, 2020",€275K,€5K,263,1 ★,"
2", I. Diallo,20,55,57,54,43,245,52,CM
Brighton & Hove Albion,"
2020 ~ 2022","6'2""",168lbs,"Aug 7, 2020",€300K,€4K,205,1 ★,"
5", L. Dendoncker,19,55,47,52,61,212,63,CB
Everton,"
2020 ~ 2023","5'11""",165lbs,"Oct 4, 2020",€325K,€500,240,1 ★,"
19", I. Jagne,16,54,48,69,60,274,62,CDM
Everton,"
2020 ~ 2022","5'11""",165lbs,"Jul 2, 2020",€275K,€1K,273,1 ★,"
9", S. McAllister,17,54,57,58,43,244,51,CM
West Bromwich Albion,"
2020 ~ 2023","5'10""",150lbs,"Aug 4, 2020",€425K,€1K,248,1 ★,"
26", R. Richards,16,54,58,62,54,194,45,LM
West Bromwich Albion,"
2019 ~ 2021","5'11""",159lbs,"Jul 1, 2019",€275K,€5K,183,1 ★,"
3", G. Harmon,19,54,30,52,60,212,56,LB
Wolverhampton Wanderers,"
2018 ~ 2023","5'7""",137lbs,"Oct 9, 2018",€300K,€3K,271,1 ★,"
10", L. Cundle,18,54,56,76,52,247,42,CM
Burnley,"
2020 ~ 2021","5'7""",143lbs,"Aug 20, 2020",€240K,€3K,215,1 ★,"
4", M. Elva-Fountaine,19,54,49,63,54,214,48,RB
Brighton & Hove Albion,"
2019 ~ 2022","5'10""",157lbs,"Jul 11, 2019",€250K,€2K,215,1 ★,"
7", J. Furlong,18,54,45,60,50,197,51,LB
Wolverhampton Wanderers,"
2018 ~ 2022","6'0""",159lbs,"Oct 9, 2018",€240K,€2K,234,1 ★,"
14", L. Richards,18,53,48,64,64,234,62,CB
Crystal Palace,"
2020 ~ 2023","5'10""",148lbs,"Sep 18, 2020",€230K,€3K,218,1 ★,"
4", R. Hannam,19,53,49,63,48,216,45,LB
Aston Villa,"
2018 ~ 2021","5'10""",150lbs,"Jul 1, 2018",€210K,€5K,205,1 ★,"
10", M. Tait,19,52,53,58,50,201,44,ST
Aston Villa,"
2018 ~ 2021","5'10""",157lbs,"Jul 1, 2018",€210K,€4K,233,1 ★,"
4", L. Brunt,19,52,46,53,63,241,53,CM
Sheffield United,"
2019 ~ 2022","6'1""",154lbs,"Jul 4, 2019",€190K,€1K,164,1 ★,"
2", K. Gordon,18,52,40,46,51,191,56,CB